Words,Dictionary Form,#
、,21112
…,15796
。,11778
の,9287
て,8435
に,7599
た,7447
は,6062
！,5810
だ,5632
か,4951
？,4855
が,4837
で,4276
と,4075
も,3977
な,3861
し,3680
を,3320
ん,3229
ない,3034
よ,2920
って,2484
から,2362
ね,2274
そう,1524
“,1459
”,1459
お,1307
何,1257
じゃ,1246
いる,1219
けど,1213
てる,1186
こと,1171
です,1146
いい,962
それ,945
クマ,926
私,863
さ,841
事,804
さん,783
れ,727
あ,727
よう,707
い,697
人,679
なん,649
この,637
する,634
お前,616
たら,603
なっ,600
もう,590
菜々子,586
ある,575
ます,574
どう,567
俺,556
先輩,554
あの,549
これ,520
気,513
見,513
いう,508
ちゃん,499
言っ,498
だけ,489
今日,484
だっ,475
その,471
なら,470
上,464
今,455
ー,449
来,448
ら,441
まで,432
鳴,424
だろ,418
僕,417
ば,413
や,410
ねー,409
ここ,406
なく,403
わ,381
自分,379
そんな,374
き,366
くれ,360
やっ,359
雪子,353
無い,338
思っ,337
ねえ,337
なかっ,337
たい,333
たち,328
誰,322
オレ,320
っ,319
また,315
話,312
～,310
ちょっと,303
後,298
みんな,298
こんな,297
あっ,295
なんて,294
あたし,293
まし,290
くん,288
え,285
思う,276
テレビ,275
なる,274
みたい,273
ス,273
時,272
子,265
前,263
出,262
ぜ,259
ませ,258
事件,257
家,256
一緒,251
中,249
せ,247
ちゃっ,243
行っ,242
られ,241
りせ,241
分かっ,240
じゃあ,240
霧,240
>,240
<,238
言う,236
もの,235
直,231
まだ,230
目,227
いつ,226
斗,225
でしょ,223
少し,222
日,222
じゃん,215
千枝,214
へ,212
聞い,208
犯人,208
あー,203
あれ,199
方,196
だろう,195
うん,192
ぞ,192
一人,190
ごめん,188
ま,184
堂島,183
先生,183
あなた,182
完二,182
っス,182
そ,181
顔,181
す,180
より,179
行く,179
一,179
笑っ,179
者,177
力,177
考え,176
ため,176
もん,174
陽介,171
世界,170
れる,169
好き,165
学校,163
よく,163
確か,161
本当,158
くる,157
なさい,157
入れ,157
帰っ,157
父,156
知っ,155
話し,154
こう,154
でき,154
違う,153
町,151
意味,150
同じ,148
言わ,148
しか,148
時間,147
天城,147
感じ,147
そっ,146
部,145
う,144
あり,143
てん,143
とこ,143
すぐ,143
ちゃう,143
ねぇ,143
まあ,142
君,141
ずっと,140
いや,139
なぁ,139
ああ,138
どこ,137
ホント,136
きっと,136
ありがとう,135
関係,135
ただ,134
手,133
警察,133
アンタ,133
明日,132
み,132
ぁ,131
二人,130
ヤツ,129
分かん,129
分から,128
知ら,128
あい,127
たり,127
やる,127
一条,127
でしょう,126
ほら,126
わけ,126
ダメ,126
生田目,125
つ,125
帰る,125
男,125
こっち,124
なー,124
１,124
大丈夫,123
入っ,123
つい,122
/,122
母,121
長瀬,121
生,120
結実,120
もし,119
待っ,119
場所,118
なきゃ,118
ず,118
くれる,118
ところ,116
もっと,116
ちゃんと,116
ち,115
なんか,115
えっと,114
兄,113
放課,113
綾音,112
ご,111
とにかく,111
ください,110
別,110
やっぱ,110
はい,110
なり,109
度,109
欲しい,109
色々,109
雨,108
悪い,107
ッ,107
見え,106
バカ,106
やっぱり,106
間,106
居,105
心配,105
２,105
山野,104
よかっ,104
ほんと,103
分かる,103
らしい,103
あんな,103
あいつ,102
しよう,102
・,102
全然,101
おい,101
次,100
小西,100
様,99
はは,99
出し,99
さっき,99
忘れ,99
秀,98
マジ,97
今度,97
えっ,97
花村,96
全部,96
まま,96
気持ち,95
みる,94
過ごし,93
ましょう,92
もらっ,92
出来,92
戻っ,92
無理,91
シャドウ,91
食べ,91
うち,90
持っ,90
ウチ,89
絶対,89
心,88
来る,87
言え,87
しまっ,87
早く,87
大事,87
声,86
キミ,86
言い,86
映っ,86
実,85
ジュ,85
ネス,85
っけ,85
よぉ,85
ちょ,85
絆,85
できる,85
先,84
足立,84
マヨナカテレビ,84
行き,84
他,84
知れ,83
感じる,83
たく,83
やつ,83
最近,83
悠,82
やめ,82
貴方,81
ありがと,81
良かっ,81
部活,81
勉強,81
たって,80
年,79
死ん,79
人間,79
仲,79
尚紀,79
やら,78
なに,78
ちゃ,78
終わっ,78
ござい,77
仕事,77
二,77
アイツ,77
答え,77
皆,77
作っ,77
こそ,76
せい,76
ど,76
RED,76
まさか,75
いっ,75
変,75
こ,74
ワケ,73
買っ,73
ぉ,73
部屋,72
とき,72
約束,72
願い,72
嬉し,72
られる,71
げ,71
そこ,71
まず,70
通り,70
どんな,70
旅館,70
あはは,70
でる,70
覚え,70
仲間,70
アナ,69
最初,69
みよう,69
いえ,69
チャン,69
ふふっ,69
ほう,68
女,68
体,68
思い,68
はず,67
家族,67
問題,67
里中,67
よー,67
っつ,67
あと,66
ハァ,66
頭,66
かしら,66
そして,65
稲羽,65
高校,65
急,65
つけ,65
行こう,65
えー,65
一番,65
言葉,65
どっ,64
以上,64
ペルソナ,64
んな,64
生き,64
女子,63
でし,63
かけ,63
子ども,63
月,62
疲れ,62
帰り,62
出る,62
たかっ,62
昨日,62
肉,62
頃,61
夜,61
助け,61
すん,61
向こう,61
頑張っ,61
ええ,60
すごい,60
元気,60
殺人,60
テスト,60
探偵,60
病院,60
まー,59
いく,59
教え,59
見る,59
ふふ,59
くらい,58
意外,58
まぁ,58
ったく,58
的,58
嬉しい,58
真由美,57
ココ,57
川,57
練習,57
解決,56
てっ,56
必要,56
優しい,56
深まっ,56
信じ,55
普通,55
すぎ,55
なあ,55
楽しい,55
勇太,55
く,54
訳,54
連れ,54
３,54
っす,54
いけ,54
街,53
大変,53
過ぎ,53
全て,53
モロ,53
結構,53
噂,53
勝手,53
あら,53
そろそろ,52
屋,52
三,52
あげる,52
間違い,52
センセイ,52
特別,52
白,52
よし,51
うっ,51
可能,51
初めて,51
小夜子,51
送っ,50
居る,50
性,50
決め,50
姉,50
絵里,50
名前,49
キン,49
奴,49
相手,49
行か,49
起き,49
最後,49
逃げ,49
文化,49
殺し,48
つもり,48
元,48
完,48
商店,47
怖い,47
店,47
終わり,47
女の子,47
件,47
おっ,47
鐘,47
なれ,47
親,46
外,46
所,46
授業,46
あっち,46
早紀,46
もー,46
楽,46
被害,46
いっぱい,46
手紙,46
おう,45
市,45
生徒,45
連絡,45
遊び,45
仕方ない,45
すごく,45
金,45
すみ,45
べき,45
回,45
謎,44
しろ,44
都会,44
とりあえず,44
つー,44
アレ,44
電話,44
カッコ,44
殺さ,44
ひさ,44
こいつ,43
どー,43
ぐらい,43
見つけ,43
あんた,43
始め,43
姿,43
様子,43
書い,43
キツネ,43
現実,42
興味,42
そりゃ,42
モン,42
結局,42
いー,42
買い物,42
乃,42
多い,41
番組,41
クラス,41
ながら,41
すっ,41
コレ,41
捜査,41
無事,41
べ,41
やれ,41
彼女,41
しかも,41
しれ,41
会っ,41
良く,41
面倒,41
王,41
夢,40
しばらく,40
ウソ,40
無かっ,40
容疑,40
伝え,40
見せ,40
本気,40
おかげ,40
楽し,40
正直,40
良い,40
作る,40
固い,39
とっ,39
昔,39
あそこ,39
入る,39
優しく,39
ボク,39
思い出し,39
ヨ,39
必ず,39
数,39
真実,39
やり,39
楽しみ,39
恥ずかしい,39
ダミー,39
さぁ,38
車,38
ニュース,38
聞く,38
とも,38
てく,38
空気,38
ネ,38
迷惑,38
聞こえ,38
準備,38
付き合っ,38
下,38
カード,37
など,37
貴様,37
ぇ,37
遺体,37
っぽい,37
あん,37
分かり,37
情報,37
やがっ,37
BLUE,37
自身,37
風,37
恥ずかし,37
別れ,37
客,36
よろしく,36
ちまっ,36
特に,36
っつー,36
例,36
出来る,36
さー,36
本,36
嫌,36
ううん,36
見つかっ,36
とく,36
おー,36
得,36
あげ,36
決まっ,36
んー,36
ガキ,36
今年,35
頼む,35
友達,35
たー,35
ヒマ,35
続い,35
ハハ,35
発見,35
寝,35
すげー,35
悪く,35
状況,35
ほど,35
ぅ,35
豆腐,35
クリスマス,35
人生,34
似,34
うわ,34
探し,34
晴れ,34
困っ,34
上手く,34
認め,34
少年,34
せる,34
場合,34
らしく,34
来い,34
休み,34
役,34
彼,34
神,34
会,33
長い,33
静か,33
どっち,33
ばかり,33
今回,33
達,33
はぁ,33
強い,33
不安,33
やろう,33
安心,33
可愛い,33
り,33
病室,33
演劇,33
おく,32
物,32
天気,32
点,32
転校,32
ばっか,32
分,32
ひとり,32
可哀想,32
残念,32
代わり,32
ばっかり,32
真,32
雪,32
黙っ,32
リーダー,32
ひと,32
５,32
合コン,32
口,32
頷い,32
バスケ,32
どれ,31
バイト,31
子供,31
女性,31
感謝,31
花,31
理由,31
辺,31
見える,31
説明,31
寂し,31
刑事,31
すれ,31
料理,31
くせ,31
テメェ,31
大切,31
久保,31
サッカー,31
ぬ,30
る,30
そー,30
消え,30
言や,30
なけれ,30
円,30
伝わっ,30
途中,30
こないだ,30
考える,30
久慈,30
幸せ,30
ナナ,30
存在,30
ホッと,30
無く,29
毎日,29
やっと,29
期待,29
トコ,29
死体,29
早い,29
逆,29
んじゃ,29
遊ん,29
平気,29
妙,29
面白い,29
大,29
高,29
やる気,29
いか,29
何故,29
泣い,29
生まれ,29
以外,29
不思議,29
置い,29
巽,29
母親,29
会い,29
必死,29
会え,29
変わっ,28
大きな,28
こちら,28
よっ,28
女将,28
行け,28
コイツ,28
調べ,28
流れ,28
んで,28
しかし,28
一体,28
入れる,28
たろ,28
しょう,28
＞,28
多分,28
つまり,28
意識,28
コミュ,28
４,28
間違え,28
アイドル,28
いら,27
いきなり,27
内,27
当然,27
ちょうど,27
帰ろう,27
慣れ,27
聞か,27
旅行,27
超,27
そっち,27
気付い,27
ヨースケ,27
おかしい,27
動機,27
嫌い,27
ゲーム,27
ちゃい,27
誘拐,27
過ごす,27
男の子,27
やれる,27
神社,27
大人,27
近く,26
結果,26
奥,26
つっ,26
朝,26
新しい,26
春,26
もらう,26
聞き,26
待て,26
何処,26
渡し,26
質問,26
寂しい,26
無,26
どうせ,26
もちろん,26
番,26
選ん,26
全員,26
友だち,26
推理,26
楽しく,26
えと,26
食材,26
捨て,26
じゃぁ,26
理解,26
負け,26
取っ,26
祭,26
ケーキ,26
特訓,26
照れ,25
っしょ,25
とい,25
変わら,25
受け,25
放っ,25
思わ,25
わぁ,25
なさ,25
冗談,25
映る,25
思え,25
余計,25
ちまう,25
とても,25
わー,25
協力,25
知り,25
メガネ,25
あんまり,25
だぁ,25
人物,25
呼ん,25
やー,25
新た,25
かぁ,25
味,25
苦手,25
弁当,25
すま,25
来週,25
ちなみ,25
せっかく,25
泣き,25
相談,25
支え,25
参り,24
一応,24
実際,24
ジュネス,24
用,24
知り合い,24
気分,24
へー,24
全く,24
買う,24
そん,24
半分,24
やん,24
内容,24
連続,24
怖く,24
死ぬ,24
任せ,24
らん,24
守っ,24
待つ,24
笑顔,24
為,24
捕まえ,24
強く,24
田舎,24
運動,24
辛い,24
失敗,24
暗く,24
アタシ,24
買い,24
悲し,24
おお,24
状,24
おっと,23
不,23
男子,23
さあ,23
む,23
周り,23
室,23
まったく,23
歳,23
手伝い,23
第,23
犯行,23
ついに,23
足,23
訊い,23
がっ,23
とけ,23
おけ,23
てー,23
イヤ,23
回復,23
ハッキリ,23
クソ,23
さま,23
久々,23
空い,23
狙わ,23
頼ん,23
高い,23
ぞー,23
Ｘ,23
うー,23
自宅,23
ユー,23
おいしい,23
文字,23
結婚,23
さて,22
系,22
道,22
かー,22
失礼,22
あぁ,22
忙しい,22
売り場,22
筈,22
住ん,22
午後,22
偶然,22
色んな,22
晴れる,22
こっ,22
頼り,22
離れ,22
もっ,22
ふ,22
危険,22
勇気,22
本人,22
タイプ,22
フリ,22
続け,22
野郎,22
たまに,22
服,22
捕まっ,22
中間,22
山,22
愛,22
やはり,22
柏木,22
１０,22
火,22
微笑ん,22
名,21
紹介,21
お袋,21
しゃ,21
迎え,21
諸岡,21
わざわざ,21
オ,21
ふうん,21
肩,21
危ない,21
捜し,21
はっきり,21
繋がっ,21
うるさい,21
身,21
なかなか,21
原因,21
しっかり,21
映像,21
共,21
平和,21
ほのか,21
つか,21
話す,21
守る,21
もらい,21
一生,21
ゆっくり,21
そば,21
だろー,21
若い,21
員,21
もらえ,21
汗,21
粉,21
さすが,21
信頼,21
あまり,21
書か,21
たくさん,21
救済,21
試合,21
苦笑い,21
フフ,20
運命,20
娘,20
ぃ,20
悪,20
氏,20
地元,20
いっしょ,20
行こ,20
簡単,20
やけ,20
コラ,20
彼氏,20
不明,20
現場,20
乗っ,20
イイ,20
出す,20
夫,20
多く,20
今夜,20
行動,20
違い,20
怪しい,20
時々,20
だらけ,20
芽生え,20
無し,20
失踪,20
倒れ,20
てろ,20
チェック,20
救出,20
騒ぎ,20
遠く,20
終え,20
水着,20
困る,20
適当,20
胸,20
足り,20
懸命,20
のぉ,20
動き,20
委員,20
活動,20
涙,20
片付け,20
部員,20
しまう,19
なーん,19
見つめ,19
同士,19
食っ,19
発表,19
村,19
使わ,19
落ち着い,19
帰れ,19
助かっ,19
盛り上がっ,19
そもそも,19
よる,19
事情,19
影響,19
証拠,19
上がっ,19
確認,19
まるで,19
逃げる,19
やめろ,19
鼻,19
いくら,19
王子,19
得意,19
キレイ,19
め,19
保健,19
立っ,19
英語,19
変え,19
アルバイト,19
恐らく,19
父親,19
そろっ,19
未来,18
おる,18
左,18
うまく,18
怖,18
有名,18
状態,18
ゆー,18
ぶり,18
店員,18
重い,18
やすい,18
注意,18
放り込ん,18
どの,18
焦っ,18
命,18
死,18
真面目,18
待ち,18
ユキ,18
予報,18
重要,18
想像,18
参加,18
プレゼント,18
向い,18
じゃっ,18
目的,18
ファン,18
生きる,18
報告,18
松永,18
大学,18
吹奏,18
なるほど,17
挨拶,17
メシ,17
つまん,17
聞こえる,17
邪魔,17
夜中,17
あんま,17
ははは,17
わかっ,17
少ない,17
アホ,17
大体,17
ちょっ,17
一方,17
っつっ,17
サービス,17
下さい,17
確かめ,17
止め,17
気配,17
ァ,17
本物,17
暴走,17
ほ,17
驚い,17
悪かっ,17
すっごい,17
価値,17
うふふ,17
何に,17
救う,17
難しい,17
首,17
たぶん,17
救っ,17
おなか,17
予定,17
はーい,17
正解,17
いらっしゃい,17
辺り,17
帰ら,17
けっこう,17
増え,17
嘘,17
決まり,17
誕生,17
完全,17
せち,17
とる,17
試験,17
期末,17
えーと,17
残っ,17
読ん,17
教科,17
自信,17
喫茶,17
ずつ,17
続き,17
怖かっ,17
おじ,17
木,17
近い,16
大きく,16
学生,16
世話,16
今さら,16
違っ,16
出会い,16
さっさと,16
教室,16
流石,16
隣,16
立派,16
おかしく,16
遅い,16
仲良く,16
なぜ,16
久し,16
聴取,16
こりゃ,16
暗い,16
他人,16
証明,16
選択,16
手がかり,16
ムリ,16
集まっ,16
着,16
おき,16
うーん,16
いよいよ,16
以前,16
うふ,16
降り,16
喜ん,16
遅く,16
感,16
えーっと,16
抜け,16
カンジ,16
嫌わ,16
報道,16
婆,16
楽しかっ,16
挑戦,16
作り,16
優し,16
６,16
教師,16
夏休み,16
誘っ,16
残り,16
ボール,16
付き合う,16
満足,16
マネージャー,16
怪盗,16
死神,16
変わる,15
深い,15
組,15
いま,15
いける,15
戻り,15
はー,15
自慢,15
温泉,15
たぁ,15
気味,15
おり,15
うまい,15
署,15
でしょー,15
０,15
不審,15
どん,15
取れ,15
際,15
事実,15
殺す,15
しょ,15
納得,15
調子,15
えへへ,15
進ん,15
戻る,15
たった,15
使っ,15
むしろ,15
つける,15
改めて,15
集合,15
誤解,15
戦い,15
終わる,15
モノ,15
ナン,15
嬉しかっ,15
おはよう,15
微妙,15
頑張ろう,15
付き合い,15
受け入れ,15
テント,15
指,15
カレー,15
使う,15
具合,15
減っ,15
うう,15
芸能,15
怒ら,15
罪,15
否定,15
掛け,15
ひどい,15
集,15
くだら,15
箱,15
祖父,15
望ん,15
八高,15
怒っ,15
パーティ,15
イザナミ,15
努力,15
素直,15
賽銭,15
形,14
わるい,14
っと,14
かなり,14
すい,14
手伝っ,14
どんどん,14
酒屋,14
ムカつく,14
割と,14
だめ,14
大した,14
小さい,14
来れ,14
騒が,14
かえり,14
休ん,14
こん,14
ホラ,14
何者,14
させ,14
近所,14
みっ,14
携帯,14
どころ,14
もらおう,14
辛,14
助ける,14
ケンカ,14
希望,14
宜しく,14
自体,14
ぶ,14
逮捕,14
スッキリ,14
にゃ,14
近づい,14
付け,14
許し,14
引い,14
許さ,14
張り切っ,14
どうぞ,14
ひっ,14
祭り,14
座っ,14
考え込ん,14
文,14
コンテスト,14
後悔,14
妹,14
脅迫,14
家庭,14
．,14
ぼく,14
愛し,14
絵馬,14
過ごそう,14
持ち,13
マーガレット,13
写真,13
ついで,13
ハイ,13
ビックリ,13
相,13
体育,13
緊張,13
ごと,13
取材,13
求め,13
鮫川,13
くそ,13
席,13
正しい,13
事故,13
貸し,13
去年,13
言える,13
礼,13
ちっ,13
半年,13
変わり,13
音,13
VOICE,13
個,13
うお,13
冷静,13
かん,13
実家,13
ラーメン,13
だら,13
悲しい,13
済ん,13
加減,13
やがれ,13
無さ,13
ようやく,13
７,13
続く,13
ゆく,13
許せ,13
犯,13
メール,13
詳しい,13
付い,13
ちっと,13
コーヒー,13
台詞,13
初め,13
たまたま,13
手口,13
さらわ,13
共通,13
以降,13
悔しい,13
見れ,13
線,13
審査,13
枚,13
好意,13
偉,13
ふう,13
こー,13
食う,13
四,13
ぜー,13
体調,13
セリフ,13
世の中,13
頑張る,13
始まっ,13
ガッカリ,13
向け,13
けどぉ,13
思い出,13
真剣,13
修学,13
寒い,13
両親,13
続ける,13
国,13
部分,13
コタツ,13
開い,13
下手,13
小沢,13
見送り,13
血,13
文明,13
プリント,13
宿題,13
唇,13
なみ,13
海老原,13
部室,13
再び,12
客人,12
詳しく,12
限り,12
きり,12
柊,12
みすず,12
触れ,12
八十神,12
生活,12
落ち,12
間違っ,12
降っ,12
だー,12
難易,12
要ら,12
寄っ,12
異常,12
いやー,12
ケガ,12
ビフテキ,12
修行,12
まじ,12
信じる,12
面白,12
試し,12
フード,12
コート,12
更に,12
知る,12
ともかく,12
映画,12
たっ,12
みろ,12
出さ,12
仕業,12
セット,12
ナニ,12
見つから,12
働い,12
しー,12
頼ま,12
わかん,12
出せ,12
寝る,12
直接,12
体験,12
掴め,12
非常,12
アリ,12
受け取っ,12
話題,12
てりゃ,12
表情,12
復帰,12
回っ,12
ヤ,12
程,12
玄関,12
食べる,12
ヘン,12
中学,12
まっ,12
素敵,12
みてえ,12
趣味,12
林間,12
悩ん,12
腹,12
小麦,12
張っ,12
甘い,12
クセ,12
菓子,12
休業,12
開け,12
混乱,12
ねん,12
ィ,12
駄目,12
日本,12
たっぷり,12
屋上,12
意気,12
カワイイ,12
指導,12
寝かせ,12
手配,12
呼ぶ,12
材料,12
ちゃおう,12
ぁん,12
８,12
自由,12
遠い,12
入り,12
残し,12
駅,12
やろ,12
医者,12
書,12
イジメ,12
資料,12
搬送,12
万,12
浮かべ,12
ナース,12
受験,12
沖,12
奈,12
字,12
語,12
わらわ,12
漢字,12
ウサギ,12
ランク,12
学童,12
リンゴ,12
定め,11
致し,11
役目,11
旅,11
弟,11
しっかし,11
越し,11
歓迎,11
ビビっ,11
酒,11
変化,11
担当,11
イタズラ,11
さえ,11
ェ,11
停学,11
申し訳,11
都合,11
校内,11
しよっ,11
不倫,11
安い,11
今朝,11
親父,11
ウザい,11
合わせ,11
扱い,11
息子,11
いっつ,11
ウワサ,11
腕,11
雰囲気,11
へん,11
惣菜,11
長く,11
ヤバい,11
薬,11
ケーサツ,11
ドラマ,11
つく,11
元々,11
どちら,11
いろいろ,11
こら,11
なれる,11
大好き,11
そいつ,11
ムダ,11
戻ら,11
色,11
自ら,11
守り,11
泣か,11
番号,11
疑っ,11
っきり,11
ソレ,11
既に,11
得る,11
カラッポ,11
起こっ,11
似合う,11
＠,11
てぇ,11
上がり,11
仲居,11
晩,11
世間,11
内緒,11
自然,11
もしもし,11
勝負,11
バレ,11
太陽,11
向かっ,11
染物,11
当たっ,11
憧れ,11
話さ,11
きっかけ,11
楽しん,11
意思,11
天国,11
泣く,11
みりゃ,11
土手,11
そうそう,11
熱い,11
仕方,11
河原,11
つまら,11
我慢,11
なくっ,11
マジメ,11
ましょ,11
立た,11
急ごう,11
つかれ,11
熊田,11
怪物,11
こなし,11
しまい,11
追っ,11
すべて,11
ハハハ,11
見学,11
ばい,11
過去,11
ダ,11
上がる,11
手続き,11
ぼ,11
等,11
もらえる,11
望み,11
救い,11
退院,11
解け,11
役者,11
可愛く,11
成績,11
河,11
エジプト,11
カツアゲ,11
ワ,11
上手,11
成長,11
ばあ,11
すくめ,11
康,11
入部,11
掛け持ち,11
トロンボーン,11
せんせー,11
おか,10
出かけ,10
秘書,10
食事,10
担任,10
後ろ,10
始まる,10
帰ろ,10
狙い,10
あーあ,10
美人,10
ぷ,10
休憩,10
くさい,10
用事,10
ふん,10
出れ,10
出口,10
くっそ,10
進む,10
ポスター,10
話せ,10
階,10
そうか,10
みな,10
じゃう,10
悪ィ,10
ぜっ,10
中身,10
ネー,10
触っ,10
人格,10
がんばっ,10
当たり前,10
切れ,10
使い,10
能力,10
光,10
向こう側,10
留守,10
きち,10
会う,10
空,10
いやいや,10
ゴメン,10
助けよう,10
用意,10
つつ,10
犠牲,10
明るく,10
資格,10
チエ,10
残る,10
褒め,10
ン,10
真似,10
匂い,10
思い出す,10
次々,10
さらっ,10
味見,10
香り,10
あははは,10
しょー,10
かわいそう,10
与え,10
族,10
話そう,10
本部,10
秘密,10
クソッ,10
歩,10
見つかる,10
馬鹿,10
済ま,10
じゃー,10
人気,10
取り上げ,10
軽く,10
移動,10
辛く,10
食品,10
丸,10
じ,10
時代,10
サン,10
冷たい,10
独り,10
リセ,10
反応,10
方法,10
飽き,10
想い,10
かかる,10
証言,10
遊ぶ,10
主役,10
立件,10
史,10
クジ,10
うらやましい,10
数学,10
出会っ,10
ポスト,10
とおり,10
ミスコン,10
優勝,10
集め,10
経験,10
うぅ,10
気合,10
すき,10
主,10
帰ろっ,10
諦め,10
旅路,10
界,10
まだまだ,10
週間,10
ウフフ,10
細井,10
っぺ,10
ホホホ,10
リットル,10
コロッケ,10
頑張り,10
うなずい,10
ため息,10
サナ,10
葉っぱ,10
左下,10
疎遠,10
ネオフェザーマン,10
補習,10
本来,9
解か,9
きげん,9
遅れ,9
おーい,9
いただき,9
取り,9
明らか,9
わたし,9
視線,9
噂話,9
異性,9
ワシ,9
行い,9
訊き,9
デート,9
誘い,9
老舗,9
にくい,9
切っ,9
たろう,9
死因,9
男性,9
恋,9
画面,9
いちいち,9
ふぅ,9
制服,9
動揺,9
少なく,9
裏,9
品,9
ひ,9
探す,9
タイム,9
やめよう,9
まとめ,9
忘れる,9
影,9
風邪,9
継ぐ,9
走っ,9
正体,9
聞け,9
テメー,9
騒がしい,9
撮っ,9
筋肉,9
困難,9
立ち向かう,9
鎧,9
イザナギ,9
落ち着け,9
一旦,9
暴れ,9
隠れ,9
敵,9
風呂,9
サボっ,9
歴史,9
みれ,9
条件,9
責任,9
向き合っ,9
覚悟,9
夕方,9
交換,9
メディア,9
勘,9
待た,9
ナシ,9
売っ,9
強,9
解散,9
転生,9
頼ら,9
本心,9
勘弁,9
道具,9
悩み,9
充分,9
あはははは,9
呼ば,9
記憶,9
予想,9
目撃,9
赤い,9
ギャー,9
動い,9
上手い,9
かい,9
おば,9
個人,9
好み,9
さっ,9
人々,9
施設,9
じっと,9
フツー,9
関わっ,9
気づい,9
救わ,9
外れ,9
１１,9
気付か,9
記念,9
はあ,9
イベント,9
文句,9
愛情,9
抜き,9
せめて,9
食え,9
いち,9
のー,9
引く,9
場,9
ドキドキ,9
レベル,9
コ,9
シマ,9
底,9
ひょっと,9
話しかけ,9
ほしい,9
布団,9
立つ,9
入ら,9
未だ,9
(,9
追いかけ,9
海,9
うわぁ,9
小学,9
クン,9
ポートアイランド,9
教える,9
館,9
電車,9
返し,9
丼,9
小さな,9
いき,9
っぽく,9
天才,9
森,9
差出,9
届い,9
票,9
ミス,9
女装,9
選び,9
立,9
選ば,9
素晴らしい,9
通,9
ほんの,9
傍,9
水,9
落ち着く,9
とこう,9
生まれ変わっ,9
互い,9
友人,9
かけがえ,9
鍛え,9
学期,9
きちんと,9
ハム,9
冠詞,9
サラダ,9
演技,9
欲しかっ,9
赤らめ,9
葛西,9
砂糖,9
上原,9
油,9
虫,9
薬師寺,9
部長,9
手ェ,9
愛さ,9
ガソスタ,9
クマコミュランク,9
音楽,9
飴,9
イゴール,8
精神,8
向かう,8
地,8
住人,8
持た,8
へえ,8
募集,8
中央,8
年間,8
見ろ,8
局,8
パン,8
そっと,8
れん,8
ケータイ,8
出席,8
返事,8
発生,8
保護,8
帰ん,8
スゲー,8
伝説,8
注目,8
次期,8
めん,8
ゼロ,8
濃い,8
響き,8
ネタ,8
やすみ,8
ゆ,8
オチ,8
探そう,8
てこ,8
程度,8
利用,8
旦那,8
行方,8
十分,8
寝ろ,8
我が,8
繋がり,8
進展,8
反対,8
わから,8
うるせー,8
おかしな,8
望む,8
案内,8
だし,8
隠し,8
ウ,8
ワクワク,8
らし,8
意志,8
遭っ,8
オー,8
戦っ,8
格好,8
まあまあ,8
トップ,8
ベルベット,8
ルーム,8
突っ込ん,8
しん,8
アリバイ,8
事務,8
クビ,8
口封じ,8
ばん,8
例えば,8
態度,8
役割,8
合体,8
まえ,8
失っ,8
いずれ,8
ク,8
変える,8
更け,8
明るい,8
一杯,8
捕まえる,8
やろー,8
先回り,8
ア,8
喋り,8
えらい,8
イジ,8
お腹,8
いたい,8
毎年,8
位,8
業,8
作れる,8
へっ,8
ヒント,8
ごめ,8
荷物,8
会話,8
掴める,8
済み,8
いろんな,8
歩い,8
ふっ,8
テメエ,8
オラ,8
倍,8
ＯＫ,8
出ん,8
一瞬,8
投げ,8
寝れ,8
ゆえ,8
通じ,8
着替え,8
ショー,8
そちら,8
マル,8
久,8
ほとんど,8
心なし,8
キャラ,8
警告,8
揃っ,8
おや,8
見守っ,8
ストリップ,8
チッ,8
まずい,8
さよなら,8
すら,8
早,8
急い,8
長,8
意見,8
渡さ,8
効果,8
厳しい,8
おら,8
残さ,8
なんざ,8
っちゃ,8
カ,8
打ち上げ,8
浴衣,8
叔父,8
出発,8
きょう,8
ジャマ,8
才能,8
美味し,8
反省,8
甘え,8
赤く,8
よーし,8
公,8
社会,8
犯罪,8
しゅ,8
代,8
１番,8
恥,8
ったら,8
無くなっ,8
始める,8
基礎,8
流さ,8
うるせえ,8
のう,8
公式,8
ヨー,8
投票,8
オマエ,8
それぞれ,8
人数,8
来年,8
１日,8
食べ物,8
流し,8
眠っ,8
気付け,8
宅配,8
失くし,8
スイカ,8
地球,8
随分,8
法,8
ちょうだい,8
救え,8
笑わ,8
けれど,8
暮れ,8
評判,8
週末,8
患者,8
尊敬,8
感心,8
暗記,8
断食,8
嫉妬,8
歌,8
生物,8
南極,8
みん,8
自室,8
慌て,8
井上,8
真っ赤,8
レター,8
辞め,8
頑張れる,8
笑おう,8
無くし,8
決意,8
変われ,8
美味しい,8
あみ,8
ぐるみ,8
晴れやか,8
スポーツ,8
飯田,8
リバース,8
契約,7
信用,7
にて,7
いで,7
同じく,7
わかる,7
杯,7
おんなじ,7
起きる,7
おこう,7
自己,7
正しく,7
職員,7
寄り道,7
ヨロシク,7
出かける,7
ほんっと,7
こい,7
議員,7
引っ越し,7
潰れ,7
珍しい,7
若干,7
おそい,7
インタビュー,7
掴ん,7
妻,7
いかが,7
機能,7
相当,7
うそ,7
もともと,7
見ん,7
マズイ,7
戻ろう,7
視界,7
すぎる,7
良さ,7
要,7
連中,7
現役,7
死な,7
っこ,7
オイ,7
借り,7
暮らし,7
テメ,7
まんま,7
すりゃ,7
押し,7
苦労,7
くそっ,7
一言,7
勘違い,7
単に,7
フラ,7
おわ,7
ひどく,7
探索,7
だり,7
人影,7
さっそく,7
触れる,7
コミュニティ,7
知ん,7
そだ,7
うっさい,7
世,7
日曜,7
家出,7
戦う,7
神経,7
いこう,7
訪れ,7
是非,7
普段,7
笑える,7
抑圧,7
でぇ,7
バーカ,7
降る,7
慎重,7
休日,7
魅力,7
むっ,7
ふふふ,7
遠慮,7
かかっ,7
サンキュ,7
真相,7
予告,7
フィレ,7
恨み,7
メニュー,7
相棒,7
器用,7
ツボ,7
短い,7
抱え,7
空け,7
だいすき,7
くれれ,7
遊ぼう,7
選ぶ,7
絵,7
距離,7
学年,7
ゾク,7
廊下,7
シメ,7
通っ,7
潰し,7
一気,7
立て,7
特定,7
特番,7
ヤバイ,7
しっ,7
きょ,7
合っ,7
班,7
性格,7
壁,7
潰す,7
予感,7
がる,7
暑い,7
笑い,7
やがる,7
とっく,7
一時,7
断っ,7
１２,7
かわいい,7
見せる,7
食い,7
感想,7
はやく,7
進級,7
即,7
たとえ,7
てれ,7
将来,7
落とす,7
疑わ,7
今後,7
牛乳,7
ダッシュ,7
きっ,7
マネ,7
星,7
こんばんは,7
脱い,7
ごらん,7
愚か,7
閉じ,7
出よう,7
毛,7
すっかり,7
マシ,7
季節,7
訊く,7
千,7
オトナ,7
ツケ,7
実感,7
証,7
センセ,7
寂しく,7
感情,7
背,7
ボンヤリ,7
最高,7
無視,7
歯,7
今更,7
オムライス,7
バッカ,7
成功,7
供述,7
夏祭り,7
もはや,7
ツライ,7
じい,7
ベッド,7
電気,7
表現,7
構わ,7
法律,7
語っ,7
駅前,7
くさ,7
かっこ,7
現れ,7
別人,7
ロマン,7
息,7
模倣,7
できれ,7
よん,7
動く,7
出し物,7
紙,7
掲示,7
板,7
出場,7
にい,7
声かけ,7
欲しく,7
推薦,7
告白,7
認める,7
気合い,7
震え,7
現代,7
面,7
ナナチャン,7
思い込ん,7
止まっ,7
救急,7
小さく,7
毒,7
人形,7
決着,7
一歩,7
たび,7
笑み,7
取ら,7
元凶,7
中華,7
授け,7
回り,7
落ち着か,7
ハズ,7
結ん,7
通販,7
痛い,7
病気,7
古代,7
ノート,7
掃除,7
ヒゲ,7
利益,7
植物,7
コッホ,7
１００,7
解禁,7
読む,7
真っ直ぐ,7
溜息,7
板前,7
乗る,7
複雑,7
孫,7
キツネコミュランク,7
下駄,7
土,7
ナイフ,7
楽器,7
フェザー,7
酢メシ,7
のみ,6
ふむ,6
常,6
解く,6
閉ざさ,6
トイレ,6
到着,6
一筋,6
勤め,6
振り回さ,6
助かる,6
太郎,6
料,6
方針,6
かえって,6
ソワソワ,6
登校,6
通学,6
でん,6
腐っ,6
ミカン,6
最悪,6
取る,6
各自,6
指示,6
越え,6
シンドい,6
古い,6
載っ,6
ノリ,6
アンテナ,6
校長,6
先日,6
時点,6
遅刻,6
っ子,6
さーて,6
不満,6
コト,6
今晩,6
ただいま,6
あたり,6
逆さ,6
テンション,6
ぼんやり,6
家電,6
ススメ,6
型,6
バ,6
怯え,6
アッチ,6
放り込む,6
暴れる,6
マスコミ,6
落とし,6
段々,6
跡,6
台,6
亡くなっ,6
ってー,6
ひっかかる,6
まとも,6
保証,6
止める,6
貼っ,6
キ,6
放り込ま,6
だいたい,6
名乗っ,6
捜す,6
決める,6
活躍,6
代々,6
恥ずかしく,6
見通し,6
ヒーロー,6
うわっ,6
だいじょぶ,6
ちゅ,6
襲わ,6
和服,6
休む,6
目覚め,6
表,6
様々,6
他者,6
数字,6
関わり,6
しよ,6
ボーイ,6
同一,6
当時,6
記録,6
会見,6
作業,6
おまけ,6
接点,6
バラエティ,6
鮮明,6
日和,6
応援,6
物騒,6
倒し,6
ぷぷ,6
赤,6
比べ,6
たまん,6
勝て,6
どおり,6
使える,6
休ま,6
リベンジ,6
日々,6
昼間,6
突っ込む,6
捕まる,6
集まろう,6
頼っ,6
思い出せ,6
深まる,6
珍しく,6
加わっ,6
ヘンタイ,6
止まら,6
許す,6
握ら,6
ナ,6
似合わ,6
爆笑,6
直し,6
分かれ,6
行為,6
突然,6
繋がる,6
ぶっちゃけ,6
範囲,6
こんにちは,6
耳,6
地味,6
オメェ,6
求める,6
作戦,6
シュー,6
我がまま,6
ざっ,6
訊か,6
崩れ,6
読み,6
狙っ,6
幾,6
式,6
ルール,6
考えれ,6
泊,6
人差し,6
通し,6
じゃがいも,6
違和,6
におい,6
なな,6
マズい,6
去っ,6
狭い,6
現地,6
パス,6
最低,6
ワイド,6
田舎町,6
がんもどき,6
わざと,6
買い食い,6
だれ,6
見よう,6
アップ,6
興奮,6
頑張ら,6
スゴい,6
読ま,6
やめる,6
隠さ,6
死に,6
ヒック,6
オメー,6
発想,6
ホーム,6
笑う,6
マン,6
細かい,6
特捜,6
勝っ,6
はぁい,6
青い,6
固まっ,6
関する,6
厚い,6
指名,6
美津雄,6
食わ,6
ょ,6
たのむ,6
ごはん,6
熱,6
タ,6
健康,6
後輩,6
ホテル,6
サイズ,6
回る,6
決まる,6
高く,6
小遣い,6
大人び,6
手柄,6
受ける,6
人体,6
瞬間,6
広く,6
運ば,6
検査,6
ネット,6
自我,6
マンガ,6
むむ,6
メロン,6
住所,6
自習,6
済む,6
ちゃおっ,6
３０,6
大会,6
もと,6
確実,6
喜ぶ,6
嬉しく,6
驚き,6
縁,6
ドッキリ,6
政治,6
心当たり,6
届く,6
いいえ,6
トラック,6
日記,6
向き合え,6
遭わ,6
弱音,6
取り戻し,6
化,6
寒,6
ゆう,6
ぐ,6
入院,6
警護,6
味方,6
基本,6
ショック,6
っから,6
いたし,6
語源,6
レール,6
持つ,6
書く,6
テキトー,6
丁度,6
うつむい,6
呼び出し,6
土地,6
使え,6
立ち,6
結ぶ,6
動か,6
臭い,6
単なる,6
以下,6
穏やか,6
アメノサギリ,6
虚ろ,6
９,6
食べよう,6
相応しい,6
立てる,6
願っ,6
魂,6
深まり,6
戦闘,6
ご飯,6
うす,6
祖父江,6
あらあら,6
葉,6
中山,6
グッド,6
御,6
七夕,6
曙,6
南,6
フランス,6
氷原,6
ドル,6
交感,6
副,6
悔し,6
しゃべっ,6
弱々しく,6
見上げ,6
懐かし,6
卒業,6
震える,6
卵,6
バス,6
貯め,6
千里,6
清掃,6
喪服,6
頑張ん,6
傘,6
バッタ,6
橘,6
雫,6
オモチャ,6
グラウンド,6
ブタ,6
看病,6
揚がり,6
完成,6
揚げ,6
ゴマ,6
焼き,6
豚,6
かかり,5
まさに,5
預かる,5
行ける,5
退屈,5
ぜひ,5
オス,5
いれ,5
帯,5
終日,5
ジケン,5
居心地,5
遣わ,5
演歌,5
歌手,5
事態,5
愛人,5
アナウンサー,5
かっ,5
向かおう,5
まっすぐ,5
路,5
説教,5
期,5
頑張ろ,5
リアル,5
会議,5
至急,5
下校,5
泊まっ,5
繰り返し,5
机,5
賭け,5
ヒト,5
八十,5
観光,5
モテる,5
早退,5
引っかかっ,5
本日,5
屋根,5
本格,5
こわい,5
自転,5
マトモ,5
ウマい,5
新しく,5
店長,5
ッス,5
午前,5
幼稚,5
夕食,5
おまえ,5
アピール,5
起こし,5
ぶら下がっ,5
強化,5
だいぶ,5
金持ち,5
確定,5
新,5
広,5
広い,5
ケツ,5
やたら,5
喋っ,5
てけ,5
遭う,5
気象,5
苦し,5
じゃーん,5
他人事,5
好き勝手,5
探せ,5
アテ,5
会える,5
キレ,5
せよ,5
かける,5
武器,5
戦え,5
弱い,5
はっ,5
いやはや,5
スゴイ,5
アハハ,5
持て,5
向き合う,5
側,5
わっ,5
見つけよう,5
眠れ,5
進め,5
宜しい,5
心強い,5
力強く,5
入口,5
泣け,5
土日,5
隠す,5
絡ま,5
早め,5
クラブ,5
やや,5
両方,5
警官,5
酷い,5
ちっく,5
扉,5
始まり,5
鍵,5
魔術,5
じき,5
考え事,5
解い,5
城,5
モチ,5
増し,5
ペース,5
なお,5
頼れる,5
いろ,5
ますます,5
送り,5
いやぁ,5
足取り,5
連休,5
鳴っ,5
強制,5
がんばろう,5
ワル,5
かお,5
ぷっ,5
会社,5
ジュース,5
病欠,5
歩く,5
開放,5
指す,5
違,5
言おう,5
でーす,5
早々,5
張り込み,5
昼休み,5
手作り,5
見知り,5
恋人,5
案外,5
広まっ,5
エラい,5
固く,5
闇雲,5
抜い,5
けん,5
け,5
よっぽど,5
めろ,5
下げ,5
ケッ,5
捜索,5
関わる,5
祝い,5
なし,5
売れ,5
１３,5
来ん,5
断り,5
似合っ,5
食,5
迷っ,5
合図,5
グッ,5
真顔,5
断る,5
途端,5
戻れ,5
動け,5
いん,5
おっとっと,5
説得,5
しつこい,5
吐い,5
関し,5
日数,5
デビュー,5
ほぼ,5
うし,5
デカ,5
人手,5
ストーカー,5
確かめる,5
イメージ,5
恨ん,5
聞こう,5
さーん,5
企画,5
放題,5
寂しかっ,5
ぞぉ,5
読め,5
痛く,5
えぇ,5
この世,5
考えろ,5
作ろう,5
きゅ,5
野放し,5
手掛かり,5
アイス,5
謝る,5
預かっ,5
アイ,5
しょっちゅう,5
周囲,5
余裕,5
堂々,5
集まる,5
酢,5
マスコット,5
ご覧,5
やくそく,5
V,5
_,5
),5
結論,5
急ぎ,5
Ａ,5
方角,5
感覚,5
チクショウ,5
てめえ,5
あげよう,5
思いつき,5
全力,5
ってぇ,5
とっても,5
だんだん,5
歩き,5
夏,5
耐え,5
漢,5
長かっ,5
多,5
学園,5
機会,5
精,5
昼,5
命令,5
チ,5
膝,5
座る,5
いっそ,5
横,5
専門,5
知識,5
変わん,5
メンド,5
巌,5
戸,5
運ん,5
マスク,5
浮かれ,5
改造,5
なろう,5
焦ら,5
基地,5
受け入れる,5
行わ,5
短,5
思いつい,5
ガッツリ,5
化け,5
ちゃーん,5
てがみ,5
末,5
根拠,5
提出,5
辞退,5
なっつ,5
登場,5
純粋,5
小,5
賞品,5
せいぜい,5
負ける,5
ありがたい,5
舞台,5
一室,5
背中,5
おごり,5
ううう,5
寝起き,5
ソロ,5
惑わさ,5
冬,5
むむむ,5
気候,5
急が,5
整理,5
未遂,5
肝心,5
正義,5
見舞い,5
濃く,5
不良,5
見守る,5
ガス,5
さっぱり,5
放置,5
許可,5
使命,5
繰り返す,5
遣っ,5
深,5
疑問,5
呼び,5
黄泉,5
封筒,5
弱っ,5
次第,5
がら,5
もぉ,5
特徴,5
熱心,5
万全,5
乗り越え,5
曖昧,5
あろう,5
巻き込ん,5
気遣い,5
つぶっ,5
エリザベス,5
ＮＯＲＭＡＬ,5
プレイヤー,5
兄貴,5
偉い,5
顔色,5
ぱい,5
続か,5
だす,5
わずか,5
メソポタミア,5
夕飯,5
金曜,5
緑色,5
素,5
落ち込ん,5
親指,5
定,5
綺麗,5
ダンナ,5
ルサンチマン,5
優秀,5
きれ,5
万葉,5
暁,5
アンデス,5
小春,5
キリスト,5
１４,5
ジャージ,5
北極,5
アルゼンチン,5
色素,5
ドッジ,5
量,5
運,5
機嫌,5
しゃしん,5
わすれ,5
はしゃい,5
リクエスト,5
かな,5
ワガママ,5
捻っ,5
育て,5
アドレス,5
園,5
対等,5
思いつめ,5
封書,5
保育,5
言い訳,5
散歩,5
グループ,5
堪え,5
アナタ,5
坊主,5
犬,5
笑え,5
商売,5
いよう,5
剛史,5
手入れ,5
だい,5
時計,5
裏側,5
鏡,5
安泰,5
整備,5
条,5
製薬,5
命日,5
最期,5
なま,5
演奏,5
ごっこ,5
ブロークン,5
焼肉,5
醤油,5
いも,5
揚げる,5
プリン,5
ビシソワーズ,5
ほうれん,5
ショウガ,5
)],5
屋台,5
米俵,5
ことわざ,5
訪れる,4
位置,4
示し,4
課せ,4
節目,4
申し,4
初めまして,4
だいじょうぶ,4
スタンド,4
海外,4
押忍,4
飲ま,4
しごと,4
デンワ,4
たべ,4
とぉ,4
痛,4
んっ,4
地方,4
恋愛,4
全校,4
サイレン,4
なになに,4
ＤＶＤ,4
放送,4
フッ,4
バッサリ,4
目当て,4
正面,4
うえ,4
洗っ,4
けー,4
おす,4
ギコ,4
おごる,4
太っ,4
貢献,4
節介,4
ふーん,4
がん,4
続報,4
こんど,4
調べる,4
髪,4
大きい,4
買おう,4
へぇ,4
デカい,4
最新,4
ささっ,4
ガマン,4
すげぇ,4
痛み,4
うおっ,4
任せる,4
考えよう,4
カン,4
限界,4
もれ,4
ロープ,4
つけろ,4
べつ,4
分っ,4
押す,4
恒例,4
ハート,4
寒く,4
直前,4
宿泊,4
運転,4
環境,4
飲ん,4
知らせ,4
校,4
姿勢,4
毒物,4
見当,4
ぐずぐず,4
ハナ,4
ゴチャゴチャ,4
ああっ,4
かげん,4
バン,4
グミ,4
伝える,4
まじか,4
景色,4
騒がしく,4
いざ,4
上等,4
オヤジ,4
はははは,4
生まれる,4
慰め,4
板長,4
未明,4
割,4
手伝う,4
もつ,4
宿,4
日常,4
見事,4
覚醒,4
仮面,4
いらっしゃる,4
聞ける,4
手伝わ,4
あっち側,4
セール,4
鉄板,4
三角,4
殺そう,4
接触,4
最大,4
にぃ,4
イチ,4
複数,4
怪しく,4
署内,4
直後,4
まいっ,4
忠告,4
てか,4
ちゃえ,4
生み出す,4
育っ,4
師,4
無駄,4
下ら,4
生み出し,4
制御,4
守ろう,4
黙れ,4
一面,4
焦り,4
闇,4
来よう,4
任せろ,4
押し付け,4
全国,4
ひっかかっ,4
キュン,4
騒い,4
引き続き,4
なか,4
誇り,4
野次馬,4
団らん,4
チャンネル,4
ゴールデン,4
ウィーク,4
阻止,4
解明,4
当て,4
予測,4
クチ,4
漂っ,4
ちょっぴり,4
具,4
おごっ,4
カップ,4
またまた,4
かし,4
断れ,4
作れ,4
重機,4
奪わ,4
届け,4
穴,4
オッケー,4
出れる,4
合流,4
あそん,4
くっ,4
終わら,4
う～ん,4
像,4
ギャグ,4
単語,4
諦める,4
エベレスト,4
ヤバ,4
カメラ,4
オーライ,4
イマイチ,4
暇,4
絡み,4
仕方なく,4
たか,4
あるいは,4
チビ,4
入学,4
臭う,4
尾行,4
ターゲット,4
同,4
合わ,4
アヤシイ,4
ミョー,4
たしか,4
どいつ,4
性別,4
見れる,4
クツ,4
ども,4
ナメ,4
拒絶,4
休め,4
待とう,4
生憎,4
思い込み,4
布,4
対し,4
真っ暗,4
身体,4
殴っ,4
けっこー,4
面白く,4
１５,4
落ち込む,4
１、２,4
合同,4
わーっ,4
違わ,4
梅雨,4
手品,4
輪,4
小指,4
ワン,4
片栗粉,4
意地,4
ベタ,4
ゲホッ,4
捨てる,4
飲み込む,4
物体,4
大谷,4
落ちる,4
厄介,4
潜水,4
艦,4
気絶,4
降りる,4
今頃,4
飲み,4
カッと,4
飛び出し,4
まんざら,4
報わ,4
コメント,4
記者,4
早速,4
美,4
押しかけ,4
真ん中,4
ちげえ,4
深夜,4
謝り,4
美味い,4
幸い,4
聞き込み,4
ハメ,4
追う,4
せえ,4
チーズ,4
焦る,4
どぉ,4
ざ,4
無茶,4
以来,4
一部,4
術,4
己,4
騙し,4
はり,4
敷い,4
ふー,4
着ぐるみ,4
映ん,4
クール,4
メンバー,4
やばい,4
ランバー,4
大騒ぎ,4
大人しく,4
時期,4
種類,4
ずいぶん,4
本屋,4
調査,4
どうこう,4
当分,4
眠,4
和,4
ゲ,4
キモチ,4
魚,4
刑,4
シーズン,4
傷,4
代表,4
商品,4
からぁ,4
うれしい,4
見当たら,4
ブッ,4
ほー,4
鑑定,4
科学,4
取れる,4
コピー,4
チビッコ,4
だいじ,4
行き先,4
辰巳,4
ロケ,4
私立,4
メイン,4
生き物,4
仕度,4
作文,4
毎度,4
一日,4
泊まり,4
看板,4
ラブ,4
タダ,4
戦,4
ナオト,4
てえ,4
ばか,4
ろ,4
ノー,4
青春,4
たつみ,4
根,4
たがる,4
現,4
あくまで,4
引きずっ,4
責め,4
冷める,4
小説,4
返せ,4
こね,4
叶え,4
喜ば,4
ありのまま,4
巻き込ま,4
道端,4
例外,4
まして,4
嬢,4
勿論,4
計画,4
控え,4
まなざし,4
成り立ち,4
スイッチ,4
混ぜ,4
並ん,4
行事,4
ムード,4
五,4
奇数,4
開催,4
恐ろしい,4
泣かし,4
無理やり,4
六,4
肌,4
あえて,4
じょー,4
泳い,4
披露,4
あああ,4
香西,4
あったかい,4
低い,4
棚卸し,4
答えろ,4
裏返し,4
新聞,4
解放,4
どのみち,4
使用,4
運送,4
とうとう,4
スーパー,4
信じろ,4
話せる,4
有害,4
成分,4
大勢,4
裁け,4
果たして,4
覚め,4
機,4
教えろ,4
窓,4
引か,4
土壇場,4
分かり合え,4
冷め,4
すっきり,4
筋,4
避け,4
猫,4
対する,4
頼りない,4
がんばれ,4
ヒヒヒ,4
呪い,4
女神,4
多かっ,4
石,4
乗り,4
懐かしい,4
禁止,4
ロビー,4
じみ,4
こぼし,4
把握,4
紛れ,4
加え,4
身辺,4
困り,4
怪我,4
奇跡,4
がんばる,4
溢れ,4
ほっ,4
理屈,4
談,4
マスター,4
去る,4
望ま,4
虚構,4
良き,4
後押し,4
あがい,4
了解,4
奇遇,4
生ん,4
なさっ,4
てらっしゃい,4
過ぎる,4
メ,4
臆病,4
ぽっち,4
辛かっ,4
糸,4
輝き,4
合わせる,4
独特,4
よろしい,4
入ろう,4
取り組ん,4
困ら,4
イテェ,4
時価,4
がけ,4
病,4
バッグ,4
買出し,4
勝とう,4
明け方,4
シンドイ,4
おし,4
秋,4
木曜,4
パパ,4
得手,4
週,4
講習,4
幸子,4
パーツ,4
完璧,4
中国,4
神聖,4
殿,4
上っ,4
近藤,4
深く,4
のぅ,4
ポーズ,4
王族,4
教育,4
伝達,4
とん,4
不定,4
ザ,4
部首,4
悪法,4
ソクラテス,4
アンニュイ,4
柿本,4
人麻呂,4
ライン,4
季語,4
人類,4
マゼラン,4
ｆｒｅｅ,4
－,4
ルイ,4
結核,4
菌,4
チリ,4
ナイ,4
懸賞,4
罪人,4
刑場,4
’,4
ｍａｓ,4
類,4
Ｂｅｆｏｒｅ,4
Ｃｈｒｉｓｔ,4
順,4
鮭,4
５０,4
並べ,4
酸素,4
消費,4
頬杖,4
目標,4
憤慨,4
もじもじ,4
たくあん,4
ぽつぽつ,4
さびしい,4
かぞく,4
抜か,4
ずーっと,4
引きずら,4
ゴハン,4
高台,4
裏切ら,4
思える,4
真下,4
心細,4
串,4
呆れ,4
片付い,4
輝い,4
出せる,4
一人暮らし,4
気まず,4
頼み込ま,4
抱える,4
空き,4
売場,4
呟い,4
味噌,4
従業,4
びっくり,4
親友,4
しら,4
不足,4
殴る,4
市原,4
ケジメ,4
止ん,4
ニンジン,4
グチャグチャ,4
治る,4
掛ける,4
食堂,4
気まずい,4
ババァ,4
手芸,4
墓参り,4
傷つい,4
磨き,4
割り,4
定食,4
コーン,4
沢山,4
侵入,4
焦げ,4
文章,4
堅持,4
下左,4
マイナス,4
大輔,4
帰宅,4
義務,4
球,4
成果,4
伝言,4
再来,4
クリーム,4
冷蔵,4
庫,4
仕舞っ,4
葉書,4
付き合おう,4
開か,4
カンニング,4
曲,4
夢中,4
オニ,4
しあわせ,4
友,4
フェロモン,4
お好み焼き,4
肉じゃが,4
煮込む,4
強火,4
とんかつ,4
塩,4
ハンバーグ,4
竜田,4
きんぴら,4
茶巾,4
ずし,4
包む,4
和え,4
鍋,4
焼き魚,4
カリフォルニア,4
ロール,4
角煮,4
はかどっ,4
[,4
VAR,4
メス,4
福引,4
かものはし,4
サンタ,4
果たさ,3
覗い,3
占い,3
示す,3
災難,3
被り,3
頂く,3
務め,3
酔い,3
ほれ,3
すか,3
よい,3
目眩,3
姉貴,3
気楽,3
洗濯,3
西,3
応じ,3
出演,3
やき,3
河川,3
敷,3
ごご,3
都市,3
反抗,3
クッソ,3
謝ん,3
バイト代,3
がぁ,3
鳴る,3
叫ん,3
ガッコ,3
誘う,3
折角,3
通りすがり,3
ウロウロ,3
かえっ,3
しかたない,3
民家,3
現在,3
進める,3
周辺,3
地域,3
見込み,3
おぼえ,3
報じ,3
ぶら下げる,3
もらお,3
わり,3
自,3
分ち,3
合う,3
キツイ,3
生前,3
リポーター,3
いったん,3
ＣＭ,3
見つめる,3
電源,3
ヤバく,3
疎い,3
カンフー,3
ったって,3
安く,3
よせ,3
中っ,3
モ,3
落ち着こう,3
建物,3
薄く,3
恨ま,3
スカーフ,3
もっか,3
異様,3
テ,3
ヤング,3
くしゃみ,3
どし,3
亡くなり,3
方々,3
いじめ,3
じまう,3
義理,3
撮影,3
捜し出し,3
住む,3
申し出,3
老人,3
すげえ,3
そっくり,3
感動,3
こっち側,3
取り繕っ,3
囲ま,3
ド,3
ちくしょう,3
快適,3
さらに,3
キケン,3
帰り道,3
高級,3
露天,3
惹か,3
画像,3
濃霧,3
潜っ,3
今宵,3
磨く,3
ワイルド,3
異なる,3
宿る,3
言わば,3
招か,3
いまいち,3
進もう,3
いかに,3
カベ,3
でかい,3
物語,3
もつれ,3
疑い,3
形跡,3
ガイ,3
しつこく,3
出掛け,3
せんたく,3
バック,3
偽,3
床,3
モメ,3
守れる,3
見立て,3
歩け,3
終わん,3
目立つ,3
試練,3
力添え,3
右手,3
脳,3
内面,3
トモダチ,3
振り,3
ヘーキ,3
安全,3
グマ,3
謝ら,3
向き,3
ポジション,3
賛成,3
薦め,3
追いかける,3
楽勝,3
判断,3
追わ,3
晴れ間,3
本音,3
裏表,3
ホメ,3
はずれ,3
助け出そう,3
オーバー,3
サプライズ,3
ゲスト,3
再,3
見つかり,3
まっぴら,3
伝統,3
あはははははは,3
うらやましかっ,3
こたぁ,3
おわっ,3
独り言,3
座れ,3
映ら,3
たまら,3
チャイム,3
ナリ,3
挙げ,3
戦力,3
食欲,3
そそる,3
おたく,3
麺,3
食べれる,3
工夫,3
眼,3
りょこう,3
べんとう,3
警備,3
壊し,3
もっちろん,3
決め付け,3
ウマイ,3
オゴ,3
屈託,3
破っ,3
流行っ,3
要る,3
日頃,3
なおさら,3
長話,3
バイク,3
崩れる,3
レッスン,3
振っ,3
十,3
問,3
オリンポス,3
道路,3
ダチ,3
貼り出さ,3
児,3
ワタシ,3
目星,3
印象,3
校門,3
対応,3
晴らす,3
サボり,3
まくり,3
一切,3
終了,3
間際,3
髪の毛,3
見失っ,3
組む,3
全,3
走り,3
動転,3
現象,3
やりゃ,3
当,3
じゅう,3
オーケー,3
スネ,3
カンジクン,3
更なる,3
目指し,3
騙す,3
変人,3
フザ,3
よお,3
含め,3
フン,3
沈む,3
ゼッテー,3
拾っ,3
くらまし,3
敬語,3
宇宙,3
たし,3
純情,3
返さ,3
張る,3
読み上げ,3
ローカル,3
日付,3
もちっ,3
降ら,3
ええっ,3
若者,3
育てる,3
ゴミ拾い,3
抜け出す,3
薬指,3
つぎ,3
黒,3
混ぜる,3
込め,3
ごまかせ,3
ダイエット,3
っぽっち,3
岩,3
損,3
見りゃ,3
マ,3
見し,3
逃げよう,3
作ら,3
窮屈,3
ジロジロ,3
愉快,3
鼻血,3
メンドー,3
カンケー,3
ル,3
交通,3
出張っ,3
現職,3
踏ん,3
引っ張ら,3
全っ然,3
頂き,3
ひとまず,3
他所,3
腰,3
ぜんっぜん,3
居ん,3
最中,3
店番,3
怪しま,3
体当たり,3
火星,3
当たん,3
とり,3
空っぽ,3
ボケ,3
たげる,3
飲み込ん,3
かね,3
探っ,3
一人ぼっち,3
じっくり,3
恩人,3
ククク,3
包ま,3
見つける,3
故,3
イキナリ,3
瞳,3
かねん,3
おおー,3
初,3
詰まっ,3
探知,3
全開,3
幕,3
開ける,3
人目,3
入れよう,3
押さえ,3
暑,3
あーっ,3
ライト,3
新鮮,3
貯金,3
通う,3
一刻,3
辰姫,3
中止,3
果てし,3
がっかり,3
勝ち,3
目ぇ,3
手分け,3
関連,3
挙がっ,3
ペン,3
ごまかし,3
なぁん,3
％,3
酸,3
働か,3
からかっ,3
見かけ,3
挑発,3
タイミング,3
つき,3
自殺,3
手出し,3
集めよう,3
告っ,3
いっき,3
悪口,3
浮気,3
いわゆる,3
顔面,3
スタート,3
倒せ,3
ううっ,3
消耗,3
ハキハキ,3
目立ち,3
キッチリ,3
くたばっ,3
骨身,3
ズルい,3
対決,3
燃え,3
一撃,3
セメント,3
職場,3
美味しく,3
不毛,3
提案,3
ムカつい,3
一貫,3
ふざけ,3
あれこれ,3
カップル,3
組み合わせ,3
スッ,3
バッチリ,3
チャラチャラ,3
決定,3
終われ,3
親切,3
モテ,3
年下,3
交流,3
休校,3
案,3
うおお,3
ざー,3
コンビニ,3
憎い,3
意義,3
月光,3
他校,3
症,3
シティ,3
値段,3
たとえば,3
び,3
くじけ,3
ショッピング,3
冷え,3
なぁに,3
土産,3
ぬいぐるみ,3
貸し切る,3
当たり,3
抱きつく,3
肩車,3
当てる,3
思い当たり,3
ナント,3
たま,3
じょ,3
サイン,3
殆ど,3
メイク,3
じゅ,3
おいし,3
差,3
正論,3
言い張っ,3
陰,3
見解,3
ブランク,3
拘わら,3
確証,3
引ける,3
世紀,3
手術,3
メンツ,3
参っ,3
仕草,3
オトコ,3
駄々,3
苦しい,3
情,3
引き取ら,3
コドモ,3
イケ,3
体格,3
落とさ,3
出入り,3
追い詰め,3
外さ,3
かけよう,3
精密,3
診,3
図書,3
一般,3
心理,3
学,3
根っこ,3
センチ,3
怒る,3
インターネット,3
節,3
もっとも,3
特殊,3
日時,3
宛名,3
タスケ,3
ルナ,3
探る,3
憶測,3
ぜったい,3
ビデオ,3
上映,3
見出し,3
たる,3
出ろ,3
はじめ,3
コン,3
キモい,3
すっごく,3
サクラ,3
仕方無い,3
格闘,3
直球,3
さす,3
こえ,3
良,3
せん,3
ぱ,3
づい,3
おとなしく,3
飛び入り,3
化粧,3
近づく,3
爽やか,3
前向き,3
チクショー,3
あっら,3
度胸,3
なーい,3
決めろ,3
泊まる,3
ヒデ,3
クシ,3
我々,3
管理,3
ゆき,3
ツ,3
イレラレテ,3
コロサレルヨ,3
答える,3
心遣い,3
間違える,3
便,3
参考,3
家業,3
一致,3
不在,3
最,3
さびしく,3
言い聞かせ,3
一層,3
放せ,3
人殺し,3
救世,3
汚い,3
面会,3
損ね,3
収容,3
医師,3
依然,3
ほぉ,3
違反,3
払っ,3
すっこん,3
欲し,3
がり,3
最善,3
尽くし,3
裁判,3
とう,3
病棟,3
向き合わ,3
逃げ出し,3
巡っ,3
見過ごせ,3
繰り返さ,3
結末,3
半端,3
重,3
浮かば,3
散々,3
呼吸,3
見張っ,3
消し,3
離れる,3
覆っ,3
今週,3
明後日,3
自供,3
かぶっ,3
正常,3
半ば,3
双方,3
今ごろ,3
男神,3
悲しん,3
交わし,3
いわ,3
好奇,3
背け,3
立ち止まっ,3
流れる,3
眺め,3
匹,3
謝っ,3
堅い,3
考え直し,3
転ん,3
救おう,3
書き,3
文面,3
矛盾,3
仮,3
両,3
合い,3
悔しかっ,3
少女,3
笑いかけ,3
あげれ,3
気取り,3
守れ,3
町中,3
働く,3
満たし,3
重ね,3
帰れる,3
引っかかる,3
そりゃあ,3
渡っ,3
がんばら,3
果て,3
デカイ,3
うっとうしい,3
とか,3
まんまと,3
消える,3
捕まえよう,3
ウダウダ,3
うる,3
飲み込ま,3
つけよう,3
遂に,3
突き止め,3
等しい,3
臭く,3
つき合わせ,3
統べ,3
欲,3
欲する,3
沈ん,3
渡る,3
働き,3
退け,3
まぶしい,3
２５,3
体力,3
パーティー,3
留年,3
同級,3
呼べ,3
暖かい,3
やり残し,3
過ごせる,3
予約,3
全面,3
食おう,3
物事,3
終点,3
話し合い,3
まみれ,3
思い当たる,3
着い,3
持ち主,3
刺激,3
飽き足ら,3
ノ,3
がんばろ,3
かゆ,3
身の程,3
はるばる,3
仕上げ,3
騙さ,3
深め,3
主に,3
前任,3
連れ戻す,3
優れ,3
もたらす,3
勝利,3
敬意,3
支度,3
バトル,3
ＢＥＧＩＮＮＥＲ,3
ＥＸＰＥＲＴ,3
変更,3
行え,3
攻略,3
下がる,3
ダリィ,3
止む,3
ダルい,3
ヒーリング,3
吸っ,3
みーんな,3
置く,3
サボる,3
たなか,3
盛り上がり,3
百,3
んさい,3
あせら,3
禁物,3
かから,3
寛容,3
題,3
湧く,3
夏期,3
争い,3
サンキュー,3
謝ろう,3
ダウジング,3
カーメン,3
ほい,3
故事,3
由来,3
覚える,3
ページ,3
ヒエログリフ,3
言語,3
敬称,3
知恵,3
抑え,3
大げさ,3
終える,3
ｆａｓｔ,3
難しかっ,3
排出,3
タイヘン,3
賭け金,3
動物,3
食指,3
ハハハハ,3
ハムレット,3
アフタヌーン,3
標高,3
息抜き,3
フフフ,3
つくり,3
くさかんむり,3
ごん,3
憎しみ,3
可愛,3
和歌,3
でっ,3
感染,3
給料,3
徳,3
移る,3
香辛,3
便利,3
禁煙,3
国家,3
じゃろう,3
権力,3
復習,3
スカート,3
表す,3
本番,3
南米,3
パタゴニア,3
ミレニアム,3
がんばり,3
昆虫,3
いたそう,3
基準,3
ころ,3
紀元,3
Ｂ．Ｃ．,3
デカルト,3
貼り,3
作用,3
流す,3
皿,3
オバ,3
さい,3
空き巣,3
ダラダラ,3
避ける,3
抜く,3
白寿,3
水分,3
初心,3
作成,3
割る,3
食べれ,3
靴,3
らい,3
遣う,3
ちがう,3
満面,3
尖ら,3
伏せ,3
輝か,3
むかえ,3
こらえ,3
ひたむき,3
フラフラ,3
しりとり,3
参観,3
アンケート,3
クサイ,3
外し,3
掛かる,3
通報,3
タレント,3
苦笑,3
鳥,3
聴い,3
芝居,3
売る,3
励まさ,3
繁盛,3
未定,3
思いっきり,3
ヨシ,3
ざる,3
やったあ,3
付き合わせ,3
まかない,3
頬,3
断ら,3
なーんて,3
包丁,3
呪わ,3
あれ～,3
幽霊,3
かばう,3
走り去っ,3
佐藤,3
断じ,3
キリ,3
しも,3
しゅく,3
青年,3
上げ,3
あはっ,3
噛み締め,3
めんどい,3
カズミ,3
ヒイキ,3
見下し,3
見返し,3
目つき,3
ずるい,3
ミルク,3
手伝おう,3
記事,3
ひき逃げ,3
経っ,3
打ち明け,3
不便,3
ばつ,3
想っ,3
思い出さ,3
雑巾,3
ついつい,3
泥棒,3
ニヤニヤ,3
責める,3
発注,3
箇所,3
過労,3
とばっちり,3
孝行,3
打っ,3
ままごと,3
オジ,3
取り出し,3
激しく,3
克服,3
恐喝,3
多発,3
脅し,3
たきゃ,3
遠ざけ,3
きらい,3
追加,3
蹴り,3
町内,3
復興,3
社,3
くわえ,3
爺,3
貼り付け,3
ぞい,3
投げ込ん,3
告げ,3
どい,3
屋敷,3
しかめ,3
購入,3
店主,3
柑橘,3
レモン,3
あぶり出し,3
燃やす,3
盗ん,3
樹海,3
鈍る,3
筆,3
疲れる,3
無論,3
根性,3
雑用,3
実習,3
食いモン,3
ひとしきり,3
茶道,3
習い事,3
当主,3
孤児,3
院,3
引き取っ,3
急用,3
パーッ,3
皮肉,3
親子,3
怒鳴っ,3
話し込ん,3
預け,3
曜日,3
育ち,3
もったい,3
傷つか,3
傷つく,3
何事,3
スパイク,3
労働,3
納品,3
召集,3
ハンカチ,3
悲しく,3
（,3
）,3
黒田,3
蔵,3
頂戴,3
くださっ,3
とりえ,3
包ん,3
傷つけ,3
ぶつかっ,3
殴ら,3
近場,3
中島,3
次回,3
半径,3
外国,3
祝っ,3
調達,3
ハァッピバースデー,3
トゥー,3
野球,3
たまご,3
時刻,3
寸劇,3
狂わ,3
黄金,3
演じ,3
会わ,3
重苦しい,3
下手っぴ,3
吹け,3
折っ,3
励まし,3
ニンジャ,3
ネオ,3
転換,3
米,3
ミツ,3
こんがり,3
まぶす,3
こぎつけ,3
ごぼう,3
ポテト,3
豚肉,3
黙々,3
築い,3
ムレ,3
券,3
アフリカ,3
留学,3
いらし,2
物質,2
うかがっ,2
塔,2
正,2
迷い,2
災い,2
手助け,2
供,2
オムツ,2
満タン,2
レギュラー,2
軽い,2
ガソリン,2
遣い,2
張り出し,2
けいじ,2
沙汰,2
降板,2
エヴリディ・ヤングライフ,2
宅,2
朝ごはん,2
居間,2
聞かさ,2
たげ,2
飛ばさ,2
哀れ,2
武者,2
帳,2
イカガワシイ,2
センセー,2
折り目,2
食らう,2
黒い,2
通常,2
只今,2
緊急,2
うーむ,2
官,2
面白かっ,2
技,2
本場,2
成,2
龍,2
割れ,2
カド,2
ソッコー,2
リボン,2
悩め,2
斬ら,2
僅か,2
採れる,2
名所,2
雑誌,2
団,2
通す,2
えぇぇ,2
引っ掛かっ,2
郊外,2
付近,2
さつ,2
シゴト,2
大型,2
２７,2
騒動,2
よさ,2
見せしめ,2
名物,2
ゴ,2
ステーキ,2
印,2
リ,2
だーいじょうぶ,2
ウザかっ,2
ムカツク,2
バッ,2
オメ,2
変死,2
勢い,2
客足,2
遠のく,2
騒ぐ,2
声明,2
背後,2
低く,2
忙し,2
エッ,2
昨晩,2
吸い込ま,2
大きかっ,2
置か,2
タネ,2
食い入る,2
空間,2
広がっ,2
もる,2
スタジオ,2
スモーク,2
どどー,2
現に,2
スゴく,2
圏外,2
ボーコー,2
切り抜か,2
輪っか,2
戻ろ,2
ダレ,2
迷い込ん,2
襲っ,2
ムッキー,2
山菜,2
パトカー,2
怒鳴り声,2
集会,2
下さっ,2
くれぐれ,2
めっちゃ,2
とける,2
起こる,2
巻い,2
命綱,2
来れる,2
ふざけん,2
味わっ,2
だろっ,2
強気,2
くるう,2
サツエイ,2
足元,2
しな,2
捜せ,2
やめれ,2
曇っ,2
クリア,2
はーん,2
ふざける,2
てらっしゃる,2
セ,2
チョーシ,2
バックアップ,2
見直し,2
主人,2
ボロボロ,2
廃墟,2
長女,2
ゼー,2
田舎暮らし,2
孤立,2
うんざり,2
口実,2
ざけ,2
共鳴,2
中心,2
いな,2
向き合える,2
ジラ,2
盛大,2
救える,2
させる,2
ぎ,2
引っ張っ,2
死亡,2
いそがしい,2
家事,2
上流,2
軒,2
退き,2
代役,2
脱線,2
頻繁,2
揃え,2
導く,2
相応,2
からっぽ,2
無限,2
伸ばし,2
育む,2
ひいては,2
呼び立て,2
凶器,2
わりぃ,2
電,2
団体,2
イタい,2
手招き,2
ビンビン,2
月曜,2
限っ,2
仏,2
公演,2
暴露,2
詰め,2
滞在,2
ともあれ,2
るす,2
ゴルフ,2
刃,2
エグい,2
イザ,2
刃物,2
置き,2
ヤロー,2
スンマセン,2
没収,2
土曜,2
キリキリ,2
イビ,2
刀,2
危ねえ,2
負,2
武装,2
しばし,2
拝借,2
恐れる,2
抗う,2
恐れ,2
登録,2
仕組み,2
ゆめゆめ,2
ウッ,2
サイ,2
利く,2
立ち向かおう,2
照れる,2
冷たく,2
ピッタリ,2
守ら,2
手放せ,2
トモエ,2
アブ,2
襲う,2
晴れ続き,2
着く,2
突っ走っ,2
ガンガン,2
モヤモヤ,2
しくじっ,2
参謀,2
覗く,2
爆睡,2
天然,2
見せよう,2
ストレート,2
絡ん,2
突撃,2
たがっ,2
リード,2
束縛,2
連れ出し,2
みなぎっ,2
コノハナサクヤ,2
ちゅう,2
ヤロウ,2
ツラ,2
がてら,2
キツい,2
訪ね,2
妄想,2
ペコペコ,2
賑やか,2
各地,2
方面,2
夜半,2
強烈,2
経つ,2
大胆,2
ピンポーン,2
身元,2
買え,2
いただく,2
脂身,2
焼きソバ,2
がっちり,2
別居,2
レンズ,2
凄く,2
動かし,2
ぷぷっ,2
メチャクチャ,2
北,2
ＡＴＭ,2
壊さ,2
盗難,2
車両,2
逃走,2
切り上げ,2
係,2
だって,2
たのしい,2
袋,2
柄,2
ダリ,2
チャリ,2
メチャ,2
スピード,2
みたく,2
教わっ,2
じゃおう,2
流せ,2
餅,2
賭ける,2
幹線,2
顔出し,2
あさって,2
沿い,2
スゴかっ,2
誇らし,2
てめー,2
たかだか,2
毎晩,2
下げる,2
あした,2
トクベツ,2
正しけれ,2
荒く,2
ぬわっ,2
サ,2
年頃,2
ゴラァ,2
にく,2
仕入れ,2
狙う,2
澄ま,2
ゴラァァ,2
迫力,2
該当,2
復讐,2
いじっ,2
追っかけ,2
ラ,2
班分け,2
ペア,2
ふり,2
行こっ,2
飲み物,2
口説い,2
バカップル,2
ほん,2
かんな,2
シメん,2
崇高,2
集う,2
突,2
入,2
要領,2
極秘,2
潜入,2
試さ,2
逸れる,2
一連,2
許,2
ぶっ潰す,2
ニオイ,2
深刻,2
っつわ,2
あか,2
湯気,2
高み,2
アァ,2
チクる,2
裁縫,2
構え,2
アプローチ,2
情けねえ,2
ビビッ,2
れよう,2
認めろ,2
ヤワ,2
タケミカヅチ,2
通る,2
口走っ,2
キンキン,2
グダグダ,2
サラケ,2
決め込ん,2
サウナ,2
酷,2
返す,2
ヘッ,2
チョロチョロ,2
メモ,2
ヒット,2
チャート,2
ランキング,2
次行,2
日にち,2
移し,2
張,2
タイホ,2
懲り,2
却下,2
キレる,2
スペア,2
郷土,2
飯ごう,2
死ね,2
発,2
泳げん,2
ゴム,2
中指,2
握っ,2
ピーマン,2
ふきのとう,2
コショウ,2
チョコ,2
うへ,2
キツかっ,2
あう,2
ジャリジャリ,2
豊か,2
食感,2
ためらう,2
余っ,2
出前,2
消灯,2
恨む,2
釘,2
賢い,2
痛え,2
ズリ,2
たいがい,2
ふくれ,2
エビ,2
危機,2
キョド,2
ホンモノ,2
極端,2
止まる,2
みだら,2
いったい,2
消せ,2
眠く,2
危うく,2
泳ぐ,2
庇っ,2
付き合え,2
黙ん,2
自業,2
自得,2
響い,2
プロ,2
静養,2
体型,2
プロデュース,2
キャワイイ,2
オッ,2
逸れ,2
パターン,2
無くなる,2
髪型,2
腰つき,2
脚線,2
課,2
高１,2
持ち場,2
通りかかっ,2
顔ぶれ,2
ガセネタ,2
絹,2
木綿,2
湯,2
振る,2
本題,2
ばっ,2
引き受ける,2
収まっ,2
マズく,2
県,2
警,2
けんか,2
事前,2
チャンス,2
後回し,2
アン,2
ボ,2
飛び込む,2
問わ,2
クセェ,2
乱暴,2
ぶっ殺し,2
っぽかっ,2
だま,2
驚く,2
唸っ,2
っきゃ,2
マルキュン,2
たんび,2
かわいそ,2
んと,2
じゃおっ,2
見捨て,2
封印,2
あさ,2
ツッコミ,2
ちゃーんと,2
急ぐ,2
てるぅ,2
ゲー,2
脱ぐ,2
解析,2
完了,2
ォ,2
反撃,2
よォ,2
永遠,2
ヒミコ,2
下がっ,2
失わ,2
愚か者,2
毛並み,2
悩ま,2
キントキドウジ,2
戻ん,2
カサカサ,2
利か,2
ソーレ,2
復活,2
エース,2
難,2
なれれ,2
ペラペラ,2
たいへん,2
任せよう,2
前進,2
むし,2
キャンペーン,2
勿体,2
渡す,2
プリチー,2
殺せ,2
フサフサ,2
引っ張る,2
トラウマ,2
着る,2
出歩か,2
壊す,2
イッ,2
手触り,2
フロア,2
叫ぶ,2
以後,2
ベイビー,2
札,2
持ち合わせ,2
懐柔,2
境内,2
暗かっ,2
転入,2
ヘコん,2
ヶ月,2
衝撃,2
なだめ,2
行う,2
左手,2
あれっ,2
徐々,2
道のり,2
やがて,2
ざわつい,2
典子,2
定期,2
スケジュール,2
典,2
コンボ,2
４０,2
クラスメイト,2
電波,2
メリハリ,2
数え,2
伏せら,2
よほど,2
幕切れ,2
満喫,2
うーっ,2
うわー,2
クタクタ,2
キバ,2
ＨＣＨＯ,2
住み込み,2
特集,2
低かっ,2
273001,2
掛かっ,2
突き止める,2
拍子,2
奪う,2
実行,2
逃げ込ん,2
ヤケ,2
入手,2
群れ,2
延々,2
死刑,2
目指せ,2
化け物,2
キモイ,2
ハ,2
とり返し,2
いっちょ,2
空か,2
負わ,2
巻,2
ドウ,2
ジマ,2
チョイス,2
別々,2
散っ,2
ケチャップ,2
フォアグラ,2
見逃さ,2
ヒドい,2
焼け,2
焼い,2
んっと,2
果たし,2
毒見,2
おいしく,2
繊細,2
進歩,2
はじめて,2
しょっぱい,2
わーい,2
２０,2
祝う,2
豪勢,2
いわい,2
指摘,2
迫ら,2
こぎつける,2
指紋,2
乾い,2
寿司,2
ウニ,2
仕方ねえ,2
引き上げ,2
イカ,2
涼しく,2
辛抱,2
かわいー,2
楽しめよ,2
ふたり,2
抜ける,2
譲っ,2
うおー,2
展開,2
誘おう,2
遊べる,2
ごい,2
工場,2
科,2
仕切る,2
働けよ,2
所詮,2
細けえ,2
勝つ,2
会長,2
努め,2
頂け,2
そびれ,2
恐怖,2
スピーチ,2
カバラ,2
カジノ,2
何時,2
江戸,2
どぅ,2
オープン,2
ふふん,2
しおり,2
良し,2
鈍行,2
ちょっとぉ,2
カバン,2
キュート,2
フル,2
ドリンク,2
引こう,2
回せ,2
キワド,2
まくら,2
キツく,2
共有,2
組織,2
貴重,2
眠い,2
コンビ,2
抗議,2
アルコール,2
扱っ,2
じぇ,2
飲む,2
軍団,2
弁,2
炭水,2
かわり,2
固め,2
がくれ,2
えへ,2
まんじゅう,2
ちょうちん,2
切符,2
ビル,2
いたん,2
みやげ,2
すごーい,2
切り捨て,2
片し,2
呼べる,2
全体,2
見渡し,2
具体,2
素顔,2
２４,2
たんてい,2
しょうらい,2
殺害,2
知名,2
手段,2
パクら,2
言い残し,2
しゃあねえ,2
ちがっ,2
ダーメ,2
反動,2
変っ,2
実験,2
素晴らしき,2
イライラ,2
がた,2
自白,2
特撮,2
滝,2
アクション,2
不能,2
拳,2
待ちくたびれ,2
幼い,2
くれよう,2
肩書き,2
スクナヒコナ,2
負え,2
拗ね,2
にー,2
派,2
引け,2
塞が,2
手際,2
真似る,2
厳密,2
どうり,2
重たい,2
易々,2
抵抗,2
下級,2
進ま,2
足手,2
まとい,2
蓄積,2
診断,2
機械,2
映り,2
ジャーン,2
率,2
スリー,2
シュレッダー,2
嘆い,2
面積,2
×,2
デキる,2
ヘ,2
ガラ,2
途切れ,2
ソーダ,2
印刷,2
コレイジョウ,2
はじまっ,2
経緯,2
鑑識,2
同時,2
表示,2
大分,2
閃い,2
幸せ者,2
開票,2
手伝え,2
主催,2
引き受け,2
へえー,2
択,2
仕切り,2
他薦,2
見落とし,2
ジェラシー,2
回りくどい,2
疑惑,2
飾り付け,2
受付,2
成立,2
キャッチャー,2
キモ,2
プライド,2
あきらめ,2
咲く,2
人通り,2
沈黙,2
おほほ,2
言葉づかい,2
全般,2
でっす,2
陣,2
ミステリアス,2
けどー,2
開始,2
飛ばし,2
そこそこ,2
おおっと,2
ちょーど,2
惚れ,2
はじまる,2
美しい,2
ポイント,2
おーっと,2
スタンダード,2
番手,2
漂う,2
ズレ,2
キズ,2
自称,2
ゾ,2
正真,2
正銘,2
座,2
始末,2
ガキンコ,2
差し入れ,2
自前,2
賢明,2
イビキ,2
入浴,2
浅い,2
個性,2
競っ,2
ゴホン,2
棄権,2
ひゃっ,2
シュミ,2
行きゃ,2
フロ,2
富士,2
歌っ,2
つるつる,2
ドコ,2
かあ,2
競争,2
居残り,2
撤退,2
男湯,2
たんこぶ,2
ゆっ,2
寝顔,2
決断,2
ム,2
仕打ち,2
っ放し,2
もとい,2
ブラシ,2
触ん,2
いれる,2
となり,2
泊っ,2
さむい,2
視,2
難い,2
反映,2
選挙,2
あそぶ,2
寝かせよう,2
カギ,2
高橋,2
さむかっ,2
こわれ,2
ジュネ,2
細,2
コンド,2
コソ,2
ヤメ,2
ナイト,2
ダイジナヒトガ,2
はぐらかす,2
問い詰め,2
ごまかす,2
悲しま,2
敏感,2
つれ,2
至る,2
検問,2
泥,2
ギリ,2
身内,2
忍び込ん,2
呼び鈴,2
児童,2
組ん,2
バラバラ,2
携え,2
セダン,2
有り,2
小型,2
業者,2
配達,2
前職,2
職業,2
保存,2
情けない,2
生き甲斐,2
取り戻す,2
きれい,2
尽くす,2
隅,2
台無し,2
小さ,2
強まっ,2
放し,2
ラリっ,2
ゴタク,2
そらし,2
たけれ,2
覚まさ,2
よよ,2
ふん縛っ,2
切り,2
凶悪,2
安静,2
へい,2
病状,2
ロクに,2
限ら,2
休める,2
医療,2
馬鹿馬鹿しい,2
温暖,2
税金,2
見かける,2
漏れ,2
含ん,2
取り組む,2
チンプンカンプン,2
及ん,2
在住,2
先月,2
済まさ,2
たまえ,2
最強,2
ホ,2
下見,2
レシート,2
でろ,2
白く,2
丸い,2
容態,2
ワクチン,2
戻さ,2
開き,2
処置,2
立証,2
初動,2
えらく,2
頑張れ,2
わい,2
なこ,2
ヤベエ,2
裁ける,2
償わ,2
大差,2
自力,2
見届け,2
不幸,2
悲劇,2
正当,2
合法,2
へったくれ,2
裁こう,2
防ぐ,2
通ら,2
なるべく,2
先ほど,2
生還,2
生きよう,2
書き置き,2
数々,2
被告,2
いわく,2
こじれ,2
ひか,2
言えよ,2
ガッツ,2
支える,2
着信,2
効か,2
スクール,2
ホホ,2
二神,2
つなぐ,2
なき,2
１０００,2
下っ,2
しゃべり,2
一足,2
ドライブ,2
振り返っ,2
招き,2
敷く,2
進行,2
方向,2
絶え,2
申し上げ,2
べく,2
長居,2
無用,2
昨夜,2
トボけ,2
ミュージカル,2
送る,2
発言,2
続けよう,2
院内,2
２５２,2
身分,2
語る,2
ふと,2
呆然,2
繋がら,2
親密,2
鬼,2
愛する,2
目隠し,2
滑稽,2
犯し,2
とっとと,2
歩き回っ,2
異例,2
熱狂,2
注文,2
チャーハン,2
冷える,2
冴え,2
傍観,2
浮かん,2
付く,2
アダチ,2
ヘタレ,2
向かい,2
抜け出し,2
刺し,2
治す,2
慌しく,2
後遺,2
いたっ,2
変われる,2
弱,2
呼び覚ます,2
フラつい,2
途方,2
はみ出し,2
集まり,2
仕切り直し,2
なんぞ,2
ちまい,2
漏らし,2
冷やし,2
いーや,2
裏切っ,2
万が一,2
切る,2
善意,2
払い,2
粗末,2
酔っ,2
区別,2
出迎え,2
支配,2
閉ざし,2
くそッ,2
ケリ,2
倒す,2
審判,2
重体,2
就職,2
志望,2
ズバリ,2
持てる,2
ケチ,2
チケット,2
大声,2
８０,2
平らか,2
秩序,2
意,2
呼び起こさ,2
膨張,2
元締め,2
晴らし,2
ごちゃごちゃ,2
会得,2
クッ,2
よぉく,2
ぶっ倒す,2
ザッ,2
セー,2
辿りつい,2
見極め,2
現れよう,2
担架,2
運び,2
ヤっ,2
合わせれ,2
年の暮れ,2
よろこぶ,2
能,2
センス,2
絶賛,2
こだわる,2
義兄,2
待ち望ん,2
滞り,2
君臨,2
悪用,2
起こら,2
存じ,2
本質,2
虚飾,2
超え,2
下さる,2
充実,2
短かっ,2
発端,2
繋い,2
指揮,2
企み,2
含み,2
見込ん,2
適性,2
握手,2
対峙,2
倒さ,2
取り戻さ,2
アメ,2
鵜呑み,2
なさる,2
覗き,2
応える,2
比較,2
仕込ん,2
うぉっ,2
下り,2
有,2
安易,2
当初,2
サヨナラ,2
倒れる,2
食いしばっ,2
憧れる,2
思い返し,2
弱々しい,2
不可分,2
遂げる,2
前提,2
手合わせ,2
頼もう,2
司る,2
おとぎ話,2
起こす,2
震わせ,2
タイトル,2
片時,2
眼差し,2
ほか,2
制限,2
上級,2
合格,2
祈願,2
スカッ,2
夏空,2
セーフ,2
中和,2
慣れる,2
わらわら,2
埋め,2
徹夜,2
嫌っ,2
一目,2
毎週,2
のっ,2
デマ,2
エリ,2
怠け者,2
察し,2
ザワつい,2
湧か,2
散る,2
先週,2
日限,2
懸かっ,2
お陰,2
広まり,2
手ぇ,2
ジメジメ,2
ウゼェ,2
一理,2
止ま,2
念,2
油断,2
貼ら,2
儲かる,2
根気,2
黙り,2
年中,2
掴ま,2
がち,2
陸,2
助け合い,2
人助け,2
マジモン,2
サポート,2
後半,2
ロボット,2
シン,2
漬け,2
きっちり,2
向かわ,2
経過,2
敬老,2
静観,2
創立,2
暮らす,2
覆わ,2
呼び止め,2
かか,2
特技,2
好物,2
失せ物,2
なあなあ,2
パンツ,2
造詣,2
建設,2
建築,2
書き取り,2
かんぺき,2
エライ,2
玉,2
黄河,2
ふた,2
あいだ,2
インダス,2
ナイル,2
氾濫,2
暦,2
みっともない,2
優雅,2
予習,2
パスカル,2
みそ,2
ロクな,2
道断,2
少々,2
Ｂｒｅａｋｆａｓｔ,2
朝メシ,2
ｂｒｅａｋ,2
ビー,2
並木,2
イチョウ,2
黄色,2
老化,2
クロロフィル,2
体内,2
ｗｅｄｄｉｎｇ,2
めんどく,2
飛び越え,2
ボケッと,2
ニヤけ,2
倫理,2
支えあっ,2
象形,2
遭い,2
自販,2
約数,2
２８,2
４９６,2
８１２８,2
膨大,2
メルセンヌ,2
素数,2
オイシイ,2
里,2
勉学,2
大根,2
言い回し,2
エヴリ,2
ツアー,2
ねェ,2
グローバル,2
よーく,2
作,2
濡れ,2
卑怯,2
せや,2
艮,2
単元,2
景気,2
アーア,2
作ろ,2
アラ,2
小娘,2
ニーチェ,2
悲しみ,2
ヤリキレナイ,2
北海道,2
和漢,2
混交,2
八百,2
歌人,2
１３７,2
詠ん,2
天道,2
ちょい,2
昇る,2
虫除け,2
ハエ,2
蚊,2
伝染,2
青色,2
ラピス,2
ラズリ,2
粉末,2
高貴,2
出題,2
気流,2
地形,2
づらい,2
山脈,2
高温,2
ヨーロッパ,2
なんちゃって,2
余寒,2
つくし,2
いただい,2
航海,2
周航,2
莫大,2
航路,2
若,2
モーニング,2
悩む,2
ｓｍｏｋｅ,2
ちーん,2
メモっ,2
なぁい,2
分泌,2
形態,2
形成,2
図形,2
重心,2
株,2
ハーイ,2
功績,2
身長,2
カツラ,2
特注,2
豪華,2
帽子,2
親しみ,2
ハズレ,2
絡め,2
気温,2
温度,2
イヤイヤ,2
キチンと,2
パスツール,2
んもう,2
若女将,2
フゥ,2
ポアンカレ,2
賞,2
付ける,2
すえ,2
エクセレント,2
倍増,2
生命,2
ブー,2
堪能,2
宗教,2
絡む,2
観,2
潮流,2
まい,2
高まい,2
欲求,2
即刻,2
退学,2
肝,2
銘じ,2
大方,2
ヌルヌル,2
ヌル,2
ムチン,2
たんぱく,2
質,2
凝集,2
デジタル,2
エサ,2
含ま,2
花火,2
演習,2
眼球,2
塩辛く,2
皇帝,2
げに,2
紡が,2
フっ,2
ポーク,2
白黒,2
目まぐるしく,2
シェイクスピア,2
戯曲,2
引き,2
ラップ,2
ショ,2
居眠り,2
防止,2
ナーバス,2
走,2
体形,2
たるん,2
ドッジボール,2
訓練,2
敬っ,2
９０,2
ゲート,2
９９,2
おーっ,2
補給,2
排せつ,2
呼気,2
背筋,2
シャッキリ,2
蹴り出し,2
アドバイス,2
走れよ,2
切り替え,2
べから,2
名称,2
Ｂｅｙｏｎｄ,2
記,2
覚まし,2
弱者,2
憎悪,2
強者,2
カム,2
別名,2
ｓｍｏｋｉｎｇ,2
残酷,2
ペルー,2
手ごたえ,2
気遣っ,2
割っ,2
果汁,2
わる,2
いもうと,2
かえし,2
やさしい,2
わらっ,2
さめ,2
がわ,2
うれし,2
トランプ,2
なくなっ,2
あやまる,2
おこる,2
おこら,2
じゅぎょう,2
きん,2
合おう,2
さがし,2
ぜんぜん,2
さびしかっ,2
挟まっ,2
やさい,2
がかり,2
じゅんび,2
みよっ,2
買える,2
どーん,2
照れ笑い,2
ワンピ,2
自作,2
ピン,2
美味しかっ,2
薄い,2
オーディション,2
書類,2
ハマっ,2
気の毒,2
かみ締め,2
社長,2
継ごう,2
こめ,2
誘わ,2
広告,2
かえる,2
未練,2
励ます,2
減る,2
助役,2
弱く,2
おこがましい,2
ハレ,2
後戻り,2
泣き笑い,2
ぐちゃぐちゃ,2
言葉少な,2
真っ白,2
かなっ,2
奮闘,2
やり直し,2
スキル,2
詰まら,2
たどり着い,2
堂,2
冊,2
清々しく,2
取ろう,2
家具,2
こっそり,2
翻訳,2
つかい,2
評価,2
伊勢,2
玉子焼き,2
やわらか,2
ばー,2
満ち,2
文房,2
手当たり,2
貯まっ,2
あれぇ,2
乗ら,2
ヒドイ,2
潰れる,2
初歩,2
顔向け,2
射止め,2
うれしかっ,2
からかう,2
乗り気,2
大役,2
貧乏,2
今時,2
拒否,2
存分,2
スポンサー,2
一丸,2
気付く,2
心臓,2
乗せ,2
残ろう,2
神頼み,2
硬い,2
ジューシー,2
胃,2
さび,2
チーフ,2
負える,2
構っ,2
茶化す,2
レジ,2
読まさ,2
ミワ,2
タケ,2
初恋,2
町おこし,2
品出し,2
らっしゃい,2
棚,2
せっ,2
ゴマかし,2
ギャーギャー,2
優しかっ,2
悲しかっ,2
泣きじゃくっ,2
冷てえ,2
大嫌い,2
こすっ,2
ごまかさ,2
渋い,2
不敵,2
鋭く,2
溜まっ,2
渋々,2
淹れる,2
つう,2
じこ,2
挙げる,2
プライベート,2
ねる,2
けっきょく,2
怖え,2
無言,2
離せ,2
受け止め,2
途切れ途切れ,2
見回り,2
ステーション,2
よこしま,2
科目,2
スキ,2
キラキラ,2
光っ,2
新人,2
立場,2
めんど,2
移っ,2
すがる,2
張り切り,2
ぎこちなく,2
占領,2
サボん,2
年上,2
当たら,2
ツブし,2
入ん,2
謝れ,2
恩返し,2
餃子,2
可愛かっ,2
タカ,2
捨てろ,2
暴力,2
つめ,2
浮い,2
ネコ,2
ピンク,2
ワニ,2
切らし,2
小物,2
変わろう,2
染め,2
こづかい,2
ウソつき,2
ボタン,2
鼻水,2
遅,2
アンド,2
足技,2
了承,2
細く,2
ふーっ,2
大将,2
河野,2
カレシ,2
見送る,2
おかし,2
押さ,2
庇わ,2
飛ん,2
メーワク,2
プレー,2
ギャ,2
生真面目,2
てわけ,2
庇おう,2
ひい,2
雨宿り,2
よぅ,2
なーんちゃって,2
肉食,2
頼み,2
けいた,2
圭太,2
みるみる,2
精力,2
言霊,2
多め,2
伴い,2
鳥居,2
黒服,2
サングラス,2
託し,2
巻き込む,2
荒らさ,2
丁寧,2
にらま,2
アッサリ,2
話し合っ,2
名誉,2
狂う,2
込ん,2
浮かび上がっ,2
あかい,2
なぞなぞ,2
バッチ,2
暗号,2
光る,2
ボード,2
ぶる,2
テーブル,2
万年,2
付か,2
かしげ,2
ゴミ箱,2
困惑,2
近,2
工作,2
揃い,2
重荷,2
挫折,2
助手,2
練,2
いっす,2
リバウンド,2
シュート,2
弱小,2
コー,2
いし,2
バア,2
喜べ,2
交代,2
そい,2
社交,2
継が,2
親戚,2
帰れよ,2
アッタマ,2
チーム,2
粘り強く,2
家の子,2
墓,2
保管,2
レー,2
語り合っ,2
早かっ,2
ムッと,2
さりげない,2
てよう,2
片づけ,2
マーボー,2
ライス,2
ちゃる,2
ギョーザ,2
溶け込ん,2
言い合い,2
れれ,2
舞い上がっ,2
話し合わ,2
ひと時,2
応対,2
サント,2
北尾,2
ガーゼ,2
再度,2
汚れ,2
可愛らしい,2
息苦しい,2
アメリカン,2
ジョーク,2
田んぼ,2
ピチピチ,2
忘れよう,2
辞める,2
生きろ,2
ぬるい,2
甘える,2
遠巻き,2
同情,2
飽きる,2
開こう,2
賞味,2
期限,2
ゆがめ,2
一通り,2
向こう岸,2
さようなら,2
ハンサム,2
一座,2
遊ば,2
川辺,2
暇つぶし,2
小生,2
当たる,2
罰,2
真っ先,2
似合い,2
長生き,2
ＭＡＸ,2
素行,2
片っ端,2
家柄,2
由緒,2
ころがし,2
補講,2
ショップ,2
ノド,2
顧問,2
講堂,2
不快,2
止めろ,2
叱っ,2
回答,2
原,2
階段,2
恥ずかしかっ,2
アロマ,2
あんなん,2
キャッ,2
付き合わ,2
伸び,2
ゆくゆく,2
企業,2
校則,2
イコール,2
裏腹,2
ドア,2
めでたい,2
慎ましく,2
離婚,2
やり直そう,2
発声,2
むぎ,2
磨ける,2
たん,2
喉,2
ギブ,2
熱く,2
情感,2
夫役,2
演じる,2
キス,2
コンクール,2
台本,2
あげろ,2
奪っ,2
ぎゅっ,2
憎かっ,2
棟,2
オ・ア・ズ・ケ,2
楽譜,2
福祉,2
片付ける,2
人前,2
部費,2
演出,2
パート,2
叶う,2
気付き,2
音色,2
コンサート,2
なぐる,2
後妻,2
ようふく,2
母性,2
講演,2
バキューム,2
クローバー,2
レッテル,2
さいご,2
とー,2
センパイ,2
センパーイ,2
後ほど,2
企ん,2
止まり,2
尽くそう,2
かわいく,2
もらおっ,2
戦車,2
教皇,2
オンチ,2
ちみ,2
シナ,2
衣,2
煮詰める,2
溶かし,2
足す,2
焼きあがり,2
弾力,2
肉汁,2
網,2
焼く,2
イモ,2
鶏,2
鶏肉,2
バニラ,2
オーデコロン,2
なめらか,2
みりん,2
香ばしい,2
玉子,2
スープ,2
冷ます,2
近火,2
切れ目,2
調味,2
羨ましい,2
野菜,2
プロテイン,2
アミノ,2
一家,2
出汁,2
教え合う,2
役立っ,2
早まり,2
いらっ,2
カキ氷,2
炎天,2
吹い,2
我,2
仕上がり,2
ぶん,2
ずこう,2
読書,2
どく,2
ツメ,2
劇,2
イブ,2
ムサ,2
湿っぽい,2
温め,2
誓う,2
ＮＧＯ,2
振り向か,2
送り出し,2
バトン,2
震わせる,2
バイ,2
お初,1
狭間,1
待ち受け,1
操っ,1
まみえる,1
つど,1
被ら,1
追々,1
男前,1
遼太郎,1
オムツ替え,1
乗り物,1
にち,1
箸,1
一服,1
きみ,1
ぐあい,1
長旅,1
ちと,1
アタリ,1
飯,1
雨雲,1
ソウサ,1
市議,1
適切,1
進退,1
夫人,1
慰謝,1
争う,1
テレビジョン,1
所属,1
自粛,1
デー,1
やい,1
メダマ,1
つくれ,1
とちゅう,1
悪夢,1
交差,1
正門,1
本意,1
ただれ,1
へんぴ,1
いわば,1
色目,1
列,1
窓際,1
妖し,1
刻ん,1
マセ,1
着席,1
運の尽き,1
かっわい,1
交遊,1
浮つい,1
清く,1
しんどい,1
セクハラ,1
パパラッチ,1
かかん,1
学区,1
動員,1
速やか,1
真横,1
繰り出し,1
どわっ,1
ヒビ,1
張り倒さ,1
シトロン,1
なのっ,1
罪作り,1
イジメん,1
余所,1
神山,1
染め物,1
焼き物,1
隠れ家,1
保っ,1
恥ずい,1
モテん,1
消防,1
下ろし,1
恐い,1
おめえ,1
新米,1
本庁,1
地取り,1
正午,1
いなば,1
はたらい,1
両面,1
特有,1
検証,1
やね,1
みつかっ,1
はやっ,1
口ずさん,1
比べりゃ,1
食いもん,1
野暮ったい,1
詫び,1
おごん,1
ハウス,1
もお,1
たわいない,1
売り上げ,1
デパート,1
燃え上がる,1
禁断,1
盛り上がれ,1
ひひひ,1
煙る,1
ぼかさ,1
戸惑っ,1
悲惨,1
懸念,1
奇怪,1
ひっかけ,1
吊るす,1
殺到,1
血税,1
トラブル,1
独自,1
雨音,1
処刑,1
くべつ,1
ふわっ,1
買い替え,1
品揃え,1
月間,1
チョアー,1
薄型,1
突き抜け,1
発売,1
コネ,1
展示,1
大きけれ,1
イリュージョン,1
モレ,1
レる,1
もらし,1
回帰,1
無きゃ,1
却って,1
遠ざかっ,1
行き止まり,1
アーッ,1
かんべん,1
炎,1
メチャメチャ,1
椅子,1
あからさま,1
配置,1
鉄骨,1
サル,1
ゆめ,1
おかず,1
採り,1
シニア,1
見逃し,1
げっ,1
だる,1
増える,1
雨足,1
弱まっ,1
寒気,1
たまっ,1
傷心,1
ようじ,1
ウワサ話,1
節度,1
街頭,1
電柱,1
ユメ,1
もがい,1
言い切ら,1
馬鹿げ,1
取り合う,1
騒,1
端,1
放す,1
チミタチ,1
ムリやり,1
危ねー,1
もぐる,1
言い切れる,1
通行,1
弱気,1
トル,1
フザケ,1
めちゃくちゃ,1
ヨヨヨヨ,1
余地,1
頼める,1
ワカン,1
入り込ん,1
役立つ,1
しみ,1
叩い,1
ショボ,1
甦る,1
出現,1
タメ口,1
乗,1
けそう,1
再開,1
潰れれ,1
売上,1
切れ端,1
写っ,1
怒鳴る,1
無くなれ,1
ウゼー,1
ヘラヘラ,1
あわよくば,1
くくく,1
生まれたて,1
ムズ,1
ひっくるめ,1
押さえ込ん,1
核,1
宿主,1
ちっとも,1
さまよっ,1
リョーカイ,1
ハイー,1
ムギュウ,1
警戒,1
見なし,1
あがっ,1
サイッテー,1
腹立つ,1
謝ろ,1
ヘトヘト,1
打ち合わせ,1
住宅,1
極めて,1
手つだっ,1
さら,1
あらわ,1
構える,1
随一,1
源泉,1
かけ流し,1
ラドン,1
泉,1
備え,1
遠方,1
リピーター,1
一線,1
一人娘,1
観測,1
住まい,1
延長,1
促さ,1
選び取っ,1
支払う,1
代価,1
従い,1
外側,1
事物,1
現れ出る,1
相対,1
鎧う,1
御する,1
満ちる,1
育み,1
築か,1
照らす,1
輝かしい,1
道標,1
めさ,1
眠り,1
突っ込め,1
授かっ,1
のけ,1
さし,1
着物,1
かいつまん,1
確かめん,1
待ち合わせよう,1
噛み付い,1
しーっ,1
歯型,1
寂,1
坊,1
出歩い,1
つながる,1
物証,1
通話,1
向く,1
揺さぶっ,1
スキャンダル,1
市外,1
泊り込み,1
前後,1
生き残っ,1
まわり,1
洗う,1
早起き,1
早おき,1
週明け,1
模様,1
ほそう,1
ヤード,1
心許ない,1
カタナ,1
ナタ,1
ジュネスオリジナルブランド,1
挙動,1
二人組,1
所持,1
求む,1
万引き,1
マニア,1
アブナイ,1
っちゅう,1
連行,1
あちこち,1
配備,1
補導,1
歴,1
デス,1
デリケート,1
舞い,1
過敏,1
接客,1
浴びせ,1
ストレス,1
ホノ,1
めかし,1
ヤーバ,1
マズかっ,1
部外,1
立ち話,1
キレん,1
あっと,1
丸腰,1
何屋,1
工房,1
金属,1
製,1
前出,1
防具,1
５０００,1
提げ,1
混ん,1
奇妙,1
ポケット,1
奪い取り,1
迫り,1
こなす,1
育め,1
切り札,1
掛け合わせ,1
使い分ける,1
芽,1
手札,1
捉え,1
掴み取る,1
よくよく,1
全書,1
引き出せる,1
気軽,1
申し付け,1
敗れる,1
ミソ,1
シッケイ,1
ワカラヘン,1
為っ,1
バナシ,1
ダジャレ,1
トッ,1
生み出さ,1
溶け,1
はかなく,1
跡継ぎ,1
ユキコ,1
色白,1
チヤホヤ,1
卑屈,1
抑えつける,1
きゃーっ,1
はっはっは,1
立て直そう,1
戦える,1
体勢,1
立て直す,1
引き返せ,1
テンパっ,1
じゃじゃ,1
ロン,1
助け合っ,1
凄い,1
安眠,1
疲労,1
ピーク,1
任さ,1
備えよう,1
万端,1
天候,1
平日,1
食卓,1
囲ん,1
各,1
気圧,1
きめる,1
はれ,1
はれる,1
惚れる,1
頼れ,1
かこつけ,1
助け出さ,1
装備,1
デタラメ,1
さてさて,1
高まる,1
反面,1
隠れんぼ,1
あらら,1
ららら,1
連れ出せ,1
じーっと,1
食らえ,1
ホンネ,1
うふふふ,1
心細く,1
ウム,1
ゥ,1
コノ,1
出よ,1
抑え付け,1
ハンパ,1
こき使わ,1
イタ,1
手洗,1
営業,1
エイギョウ,1
出さす,1
来客,1
割れる,1
歩き回ん,1
ブチ,1
めす,1
きつね,1
ごっそり,1
メェェェ,1
腹ペコ,1
子羊,1
空腹,1
染み入る,1
いかれ,1
打とう,1
協議,1
芳醇,1
同罪,1
名産,1
広めん,1
程遠い,1
伝,1
部下,1
突か,1
イタタタタ,1
遺留,1
近しい,1
ゲンナリ,1
定時,1
上がれる,1
怠ら,1
隠そう,1
大して,1
指先,1
先端,1
ガード,1
はっはっはっ,1
ウケ狙い,1
混む,1
金庫,1
乗り捨て,1
土木,1
かわっ,1
戸締り,1
ムキ,1
ママ,1
ジコ,1
たこやき,1
先頃,1
持ち去ら,1
プメナ・スシン,1
２６,1
スシ,1
ただいまー,1
空ける,1
公平,1
鳴り,1
寿命,1
縮ん,1
免許,1
層,1
ジタバタ,1
天,1
叩く,1
ビミョー,1
文中,1
後姿,1
現国,1
地学,1
最も,1
マックスウェル,1
さァ,1
作ん,1
待ち合わせ,1
ウルサい,1
おびやかす,1
見せ付ける,1
格,1
襲い掛かっ,1
見世,1
しり,1
中３,1
受かっ,1
ボカシ,1
丸分かり,1
見えれ,1
人相,1
点っ,1
オホンッ,1
食い違う,1
おっかしい,1
魔王,1
コエー,1
おもしれー,1
好感,1
守備,1
ぎゃ,1
拘り,1
土産品,1
コンタクト,1
店先,1
危なく,1
男衆,1
深かっ,1
見覚え,1
オーダー,1
メイド,1
男物,1
女物,1
片方,1
売り,1
まいど,1
外す,1
隠れろ,1
丸見え,1
きょうみ,1
あんね,1
仮説,1
読み違え,1
ッ子,1
越さ,1
あ行,1
下ネタ,1
張り込ん,1
持参,1
二手,1
分かれよう,1
ラジャー,1
空振り,1
年代,1
露骨,1
ゴラアアァ,1
誠,1
かって,1
ござる,1
隠れる,1
つきまとい,1
やが,1
失せ,1
キュッ,1
アア,1
速力,1
しゃあない,1
ぱん,1
ハッテン,1
ありゃ,1
粘っ,1
立てよう,1
リポート,1
心霊,1
属性,1
ププ,1
クンクン,1
チュー,1
ひしめい,1
親しい,1
人柄,1
蒸し暑い,1
くもっ,1
仔猫,1
逞しい,1
センサー,1
つっ込め,1
ホッホ,1
熱帯,1
アツい,1
立ち上る,1
ムネ,1
反響,1
さらけ出そう,1
はりきっ,1
怒れ,1
陰口,1
試す,1
化ける,1
描く,1
みてぇ,1
ギャラリー,1
情熱,1
カレ,1
無理矢理,1
はやめ,1
チキン,1
ボコら,1
クソッタレ,1
運ぼう,1
忘れろ,1
近づける,1
札付き,1
立ち寄る,1
卸し,1
立ちこめ,1
タチ,1
染料,1
縫う,1
珍し,1
ベラベラ,1
図体,1
追い払っ,1
フテ寝,1
ブっ倒れ,1
願,1
頭数,1
ほし,1
へる,1
飛ばす,1
撲殺,1
観客,1
すんげー,1
目障り,1
かぎ回っ,1
項目,1
新曲,1
リスト,1
始業,1
買い出し,1
マジギレ,1
チョイ,1
やり直さ,1
頷ける,1
惜しかっ,1
おそらく,1
さわり,1
乗ん,1
さらけ,1
ごおっ,1
スナップ,1
効い,1
アゴ,1
よこせ,1
ウププ,1
渡せ,1
奪い取っ,1
染みる,1
梅雨入り,1
建前,1
炊はん,1
男女,1
昼前,1
泳げ,1
かえ,1
引っかける,1
広げる,1
改心,1
ぴゅ,1
とんだ,1
にんじん,1
玉ねぎ,1
まいたけ,1
ふき,1
ナンバー,1
国民,1
浮く,1
細かく,1
とろみ,1
薄力,1
強力,1
トウガラシ,1
いいや,1
キムチ,1
買おっ,1
かくし味,1
ヨーグルト,1
魚介,1
ダシ,1
炊さん,1
拾え,1
跡取り,1
あぅ,1
コリャーァァ,1
ドロドロ,1
ブヨブヨ,1
ワリー,1
飲み込め,1
混ざん,1
勧めん,1
ひと口,1
くだせ,1
モーレツ,1
バケツ,1
オヤ,1
スミ,1
夕暮れ,1
バックレ,1
刺さ,1
葬式,1
器,1
坂,1
戻れよ,1
腹立っ,1
激しい,1
ボロクソ,1
尾ヒレ,1
センコー,1
むぐむぐ,1
隠しキャラ,1
ゾリ,1
貞操,1
豪快,1
口ごもん,1
ビクビク,1
引き下がん,1
なんぼ,1
うおおおお,1
もちょっ,1
ああー,1
ふさい,1
いびき,1
いね,1
入れよ,1
のび,1
たいした,1
ふらち,1
!,1
明かり,1
起き出す,1
バリケード,1
スペース,1
翌日,1
入りゃ,1
水遊び,1
ジュネス・オリジナルブランド,1
初夏,1
新作,1
泳ごう,1
晩メシ,1
食わさ,1
氷水,1
つめてえ,1
黙,1
りっぱ,1
ダメージ,1
危なかっ,1
ぷはー,1
川上,1
えずく,1
垂らし,1
ふぇ,1
くし,1
手短,1
ビュウ,1
石岡,1
親族,1
キライ,1
シンド,1
スギ,1
カロリー,1
脂肪,1
ケロリーマジック,1
ケロリ,1
スリム,1
取り柄,1
エラく,1
電撃,1
ブレイク,1
いきゃ,1
出身,1
祖母,1
キュー,1
会えん,1
昨日今日,1
絞り込める,1
動向,1
太もも,1
人だかり,1
ぽい,1
先約,1
ヤジ馬,1
止まろう,1
ワケあり,1
私服,1
ビビ,1
らすと,1
ただ事,1
叔父貴,1
踏ま,1
ダセー,1
ハケ,1
自腹,1
訊きゃ,1
呼び捨て,1
冷や,1
煮炊き,1
しだい,1
頼め,1
がんも,1
ミッション,1
達せ,1
しれっと,1
バラす,1
だか,1
ブッソー,1
やぶ,1
ぼう,1
６００,1
丁,1
夕ご飯,1
身の回り,1
脅かす,1
ヤンキー,1
ちまえ,1
ガイシャ,1
続けろ,1
とうふ,1
強調,1
チラっ,1
訊け,1
入り混じっ,1
言,1
恨みつらみ,1
掃い,1
喋ら,1
せれ,1
見張る,1
立ち止まん,1
往復,1
轢か,1
被疑,1
けが,1
飛び込ん,1
回り込ん,1
手っ取り,1
早え,1
回り込む,1
当てりゃ,1
ぎゃっ,1
善良,1
市民,1
タンマ,1
とぼけ,1
盗撮,1
大金,1
いよ,1
一声,1
くたびれ,1
取調べ,1
しゃあ,1
重ねる,1
防げ,1
スゥ・トォ・リィッ・プゥー,1
きゃあ,1
恥ずかしー,1
まる,1
きゃはっ,1
タイ,1
ヒクツ,1
ひっそり,1
増量,1
切なく,1
はり裂け,1
綿毛,1
クジカワリセ,1
鈍っ,1
つきもの,1
眩しい,1
焚き,1
カナ,1
ざわざわ,1
がめ,1
思念,1
キャーハハハハハ,1
ぷんぷん,1
こぉんな,1
おっかし,1
キャハハハ,1
ノージン,1
ベッタベタ,1
キャラ作り,1
ヘド,1
誰それ,1
丸裸,1
焼きつけ,1
なァ,1
オーホホホホッ,1
攻撃,1
かわせる,1
逃げろ,1
ゆわ,1
チィ,1
わしゃ,1
トンデモ,1
しでかし,1
生き様,1
エネルギー,1
ツラかっ,1
干渉,1
決して,1
賢く,1
ウソクマ,1
苦難,1
晒す,1
苦しむ,1
知ろう,1
抑えこん,1
果報,1
およよ,1
支え合う,1
すんごい,1
生え変わる,1
トレーニング,1
ハゲ,1
しく,1
励む,1
ハイブロー,1
華麗,1
がんばれよ,1
燃える,1
段,1
大工,1
ツッコん,1
ランドセル,1
時分,1
ショーバイ,1
送り込ま,1
切れる,1
付き合わさ,1
報酬,1
のぞき,1
合点,1
叱ら,1
ふとん,1
さけ,1
アパート,1
手摺り,1
振り出し,1
腰砕け,1
ゴト,1
引き下がれ,1
下向い,1
ムックリ,1
っちゅー,1
落ち目,1
フォー,1
バリバリ,1
頂こう,1
スペック,1
参上,1
前線,1
のびのび,1
別扱い,1
しくじら,1
殺り,1
防ぎ,1
取ろ,1
遣え,1
ニンゲン,1
生え,1
ザッツ,1
イカガデスカ,1
見違え,1
ブリリアント,1
ふさふさ,1
コーフン,1
本能,1
はっちゃけ,1
ヘコま,1
ふッ,1
争わ,1
分けろ,1
ワーオ,1
リッチ,1
リニューアル,1
服さ,1
ベイベ,1
着ろ,1
破い,1
皮,1
仕立てる,1
しょげ,1
売ん,1
金四郎,1
専ら,1
見透かさ,1
ホン,1
知り合っ,1
渡そう,1
ハチ,1
ヘッドライン,1
終息,1
酷似,1
度々,1
摩擦,1
規模,1
中継,1
かえん,1
うごい,1
歩幅,1
歩ま,1
移ろい,1
上位,1
佳境,1
だに,1
待ち構え,1
久しい,1
亡くなら,1
黙祷,1
ささげ,1
ちゃぁんと,1
仕切ら,1
濃い味,1
クジカワ,1
シリ,1
対抗,1
ムッツリ,1
けっ,1
寝ぼけ,1
課目,1
平均,1
フォロー,1
面識,1
光らし,1
白状,1
有力,1
県警,1
要請,1
確信,1
ひなび,1
ヨヨヨースケ,1
物分かり,1
ぶらぶら,1
お払い箱,1
あっけない,1
ちょー,1
あくび,1
熟語,1
書き換え,1
ｕｓｅｄ,1
ｔｏ,1
こんにちわ,1
負け組,1
通訳,1
ドンマイ,1
気負っ,1
差別,1
てるよ,1
銀鏡,1
溶液,1
ホルマリン,1
化学,1
ギ酸,1
アスコルビン,1
ホルムアルデヒド,1
酢酸,1
うっせ,1
着せ,1
逆転,1
くッ,1
ふかふか,1
クーマー,1
ハンニン,1
つかまら,1
ゾンビ,1
CE,1
0008,1
ヨースーケー,1
0009,1
代わる,1
代われ,1
胸きゅん,1
根暗,1
感染り,1
ボソボソ,1
一等,1
よぎっ,1
放り込み,1
逃げ場,1
逃げ込む,1
ナイス,1
少な,1
確かめよう,1
偵察,1
なめ,1
腹いせ,1
通じる,1
あしらい,1
トバッチリ,1
ムッ,1
エンディング,1
辿りつく,1
やり遂げよう,1
食いしばれ,1
ニセモノ,1
消え失せろ,1
手間,1
じけん,1
ざま,1
しつけえ,1
ハハハハハハハッ,1
すげ,1
むかつく,1
思い上がん,1
償っ,1
落とし前,1
ちくし,1
ボサ,1
１１０,1
粘着,1
時効,1
パーっ,1
宴会,1
座敷,1
ゲイシャ,1
フジ,1
ヤマ,1
ウハウハ,1
モッキュモキュ,1
しゅうご,1
ざまし,1
食料,1
無難,1
定番,1
和洋,1
ショウユ,1
ハーブ,1
プロヴァンス,1
気高い,1
芳香,1
地中,1
ひと通り,1
スペッシャル,1
極めつけ,1
アーン,1
表せ,1
ひどかっ,1
られん,1
仕留める,1
ウチアゲ,1
すこし,1
代官,1
放棄,1
でー,1
召し上がれ,1
どぉー,1
独り占め,1
宣言,1
溶岩,1
鉄,1
鈍痛,1
防備,1
素材,1
おふ,1
かじっ,1
つっと,1
格段,1
ぼっ,1
ウマく,1
からい,1
嘘泣き,1
大喜び,1
台所,1
さんせい,1
まつり,1
出店,1
ありつけ,1
見守ろう,1
うるま,1
スーゴ,1
大トロ,1
支離,1
滅裂,1
全容,1
わさび,1
サビ抜き,1
ワサビ,1
ひらめ,1
賑わっ,1
少,1
れりゃ,1
かき回し,1
逃げ足,1
速,1
イカ焼き,1
着付け,1
手間取っ,1
ゾッコンラブ,1
和装,1
そっぽ,1
わたあめ,1
射的,1
引き受けよう,1
賑わう,1
ふーむ,1
寄り添っ,1
着崩れ,1
ダンゴ,1
ぞろぞろ,1
摂理,1
つくる,1
組分け,1
ナチュラル,1
みせ,1
外れろ,1
ゼ,1
進めん,1
チャチャ,1
盛り場,1
棚上げ,1
貫ける,1
権,1
ブロマイド,1
ネギマ,1
留まる,1
カッタリー,1
スカスカ,1
こんちわ,1
レア,1
遊び場,1
ぶな,1
面し,1
人工,1
島,1
ムーンライト,1
ブリッジ,1
見直す,1
触れ合い,1
会す,1
校舎,1
返上,1
予算,1
ポジティブ,1
メンドクセー,1
不評,1
立案,1
バーイ,1
縛る,1
ハシャギ,1
卒,1
アル,1
載っけ,1
切り貼り,1
生まれつき,1
仕立て,1
外ヅラ,1
日直,1
設立,1
諸君,1
諺,1
文筆,1
頻々,1
然る,1
君子,1
ふぁー,1
Ｄ,1
伏見,1
千尋,1
カワイ,1
空前,1
招い,1
試み,1
一人一人,1
糧,1
配っ,1
頂い,1
段取り,1
あがり,1
直さ,1
打合せ,1
つわ,1
江戸川,1
カバ,1
辛うじて,1
名乗る,1
タロット,1
講義,1
長々,1
シーサイド,1
はまぐり,1
手頃,1
泊まん,1
開業,1
立ち止まら,1
白河,1
ノッフッフッフッ,1
殺気,1
とうっ,1
くーっ,1
執拗,1
にょ,1
ほほ,1
明か,1
オール,1
部屋割り,1
ビッグ,1
全室,1
ウォーター,1
枕元,1
点ける,1
もれる,1
ポロニアンモール,1
エスカペイド,1
客層,1
ハライ,1
貸し切り,1
乾杯,1
おととし,1
シークレット,1
ライブ,1
エンリョ,1
イイカンジ,1
ブフ,1
スロットル,1
ユルく,1
ソフト,1
ノンアルコール,1
ゲエーーーーム,1
ロリ,1
打ち入り,1
カミング,1
アウト,1
カァーンジッ,1
ワリバシ,1
駆け足,1
あのぉ,1
ヒミツ,1
さーっ,1
やーい,1
手前,1
命ずる,1
すみやか,1
ムチュ,1
チッスチッス,1
イテッ,1
テンメ,1
捧げ,1
『,1
』,1
うぶ,1
脱落,1
きよめよ,1
ヒザ,1
あったかく,1
縮こまっ,1
アマギ,1
抱きつい,1
女王,1
ひけ,1
ハズカシイ,1
エピソード,1
急速,1
冷凍,1
家系,1
金田一,1
基づい,1
助言,1
人材,1
太い,1
パイプ,1
医学,1
オモシロイ,1
うようよ,1
酔っ払い,1
酔っ払っ,1
飲酒,1
じゃら,1
くらっ,1
おいおい,1
頭痛,1
ダイ,1
ジョブ,1
ひょう,1
んーっ,1
化物,1
太る,1
メン,1
飾っ,1
帰らす,1
蒸れ,1
どんぶり,1
伝票,1
見せろ,1
１，２,1
Ｔ,1
シャツ,1
逆撫でん,1
冬眠,1
おもたい,1
置き去ろう,1
動けん,1
けれ,1
さらば,1
日程,1
おもしろかっ,1
うみ,1
みせや,1
デスティニー,1
シー,1
ジェット,1
コースター,1
ざぶーん,1
たべる,1
タッチ,1
ケム,1
たがら,1
怒らし,1
磔,1
存知,1
さらい,1
せいふく,1
検挙,1
かねて,1
追求,1
題し,1
１６,1
民,1
確率,1
単刀,1
直入,1
当てはまる,1
踏まえ,1
免れ,1
逸らす,1
見せかけ,1
まとめ直す,1
追い詰める,1
辻褄,1
鈍器,1
後頭,1
強打,1
収束,1
ビビり,1
まーだ,1
まぁまぁ,1
ッて,1
旬,1
熱し,1
流行りすたり,1
ゲノム,1
プロジェクト,1
禁じ,1
秘法,1
放ら,1
拉致ら,1
旅立ち,1
境,1
歩み,1
オトリ,1
カブっ,1
もみもみ,1
つかめ,1
探さ,1
みせる,1
ＳＦ,1
チック,1
気持,1
トキメク,1
こもる,1
裏山,1
仙人,1
必殺,1
伝授,1
アチョ,1
ほとほと,1
ひとりぼっち,1
二枚舌,1
なす,1
独りぼっち,1
診察,1
移ろう,1
ト,1
吐き出しゃ,1
粗暴,1
亡くし,1
ヘタ,1
書斎,1
ハード,1
ボイルド,1
拒む,1
受け継い,1
持ち込ま,1
障っ,1
軽視,1
閉じ込め,1
１人,1
チャカ,1
すな,1
へいき,1
つかまっ,1
じゃま,1
早上がり,1
座ん,1
騒がせ,1
驚か,1
染み付い,1
気難し,1
破算,1
いけん,1
遍,1
喋ん,1
おきる,1
みえ,1
頭脳,1
イトマ,1
やべえ,1
潜む,1
被せ,1
担い,1
薬物,1
近かっ,1
メイ,1
タンテー,1
単独,1
捕らわれ,1
あやふや,1
心身,1
きたし,1
本筋,1
よら,1
ギリギリ,1
リスク,1
冒し,1
運び出し,1
ひっくり返す,1
訴え,1
覆さ,1
内部,1
取り押さえろ,1
揺さぶり,1
筆頭,1
ナオトメガネ,1
診せ,1
獣医,1
サラっ,1
回さ,1
レントゲン,1
ボヤけ,1
触診,1
ワード,1
用語,1
非,1
文書,1
ブッ倒し,1
イカし,1
データ,1
かしい,1
時世,1
開示,1
ドッキドキ,1
ほっほう,1
バッッッカ,1
プロフ,1
サバ,1
ウケる,1
易い,1
計り,1
勢ぞろい,1
ゾロゾロ,1
加法,1
定理,1
比,1
サンカク,1
テーヘン,1
トショカン,1
いめ,1
推測,1
キオクソーシツ,1
思考,1
頷け,1
ソロー,1
置き去り,1
ポカン,1
ノロイ,1
うぷぷっ,1
マント,1
チッスクマ,1
ニヤつい,1
キング,1
ほんのり,1
サマ,1
ともだち,1
カタカナ,1
カタコト,1
めえ,1
見張り,1
家主,1
送りつけ,1
仕方なし,1
もちきり,1
心構え,1
だんまり,1
ホームルーム,1
くださーい,1
キワモノ,1
回し,1
記入,1
世論,1
民主,1
主義,1
多数,1
決,1
フィーリング,1
一任,1
ブン,1
告知,1
花子,1
読めよ,1
例年,1
呼び出さ,1
申請,1
レギュレーション,1
そりゃー,1
ヒロイン,1
タツミ,1
媚び,1
接近,1
にじむ,1
セコく,1
力説,1
乗っかろう,1
ムシ,1
プッシュ,1
グル,1
議論,1
ステージ,1
場違い,1
オーバーヒート,1
ってえ,1
ペンキ,1
領収,1
当日,1
案出,1
対面,1
丸め,1
バッター,1
扮する,1
物好き,1
自薦,1
楽しもう,1
あいこ,1
聞き入れる,1
客来,1
始まら,1
呼び込ま,1
潔く,1
女役,1
シャ,1
素人,1
つっこみ,1
シテクレ,1
ええと,1
ハカナゲ,1
目配せ,1
頼りがい,1
たな,1
おじけ,1
野望,1
道連れ,1
増やし,1
申し込ん,1
斗組,1
のし上がる,1
メークアーップ,1
つけまつ毛,1
必須,1
レディース,1
エーン,1
ジェントル,1
メーン,1
目玉,1
特急,1
破壊,1
キッ,1
ひど,1
チャーム,1
霞ん,1
がけっぷち,1
御曹司,1
イケメン,1
服装,1
見世物,1
ビター,1
マイルド,1
舞い降り,1
物議,1
かもす,1
候補,1
焦点,1
青少年,1
ｆｒｏｍ,1
セクシー,1
悪魔,1
ぶち抜く,1
イケる,1
支持,1
すばらしい,1
栄え,1
セコイ,1
前座,1
ピュア,1
ふっふっふっ,1
着飾ん,1
漫画,1
ほっほっほ,1
さらけ出す,1
怖気,1
魔神,1
カチン,1
煽ら,1
売ら,1
逃,1
控え室,1
客席,1
歓声,1
ＰＲ,1
プディング,1
経営,1
立ち寄り,1
日帰り,1
ひいき,1
生り,1
壇上,1
不利,1
くすぐったい,1
年度,1
加わり,1
ほっほ,1
急遽,1
ライバル,1
ギャップ,1
底力,1
集計,1
集票,1
送ら,1
集中,1
躍り出,1
中性,1
離さ,1
表彰,1
はずし,1
美し,1
県庁,1
出張,1
回ろっ,1
てらっしゃーい,1
おおお,1
タマゴ,1
甘えよう,1
とまり,1
ほーい,1
ほてっ,1
混浴,1
ベン,1
スルー,1
銭湯,1
エレベーター,1
いでよ,1
スベスベ,1
白い,1
さらっさら,1
よぶん,1
あけ,1
フルーツ,1
ラムネ,1
広々,1
かき,1
あいたっ,1
振り絞っ,1
とどまっ,1
カーン,1
退散,1
制裁,1
ヒデー,1
デコボコ,1
寝室,1
入り込む,1
夜明かし,1
忍び込む,1
ヤラ,1
レ,1
寝込み,1
寛大,1
起こさ,1
しま,1
チャーン,1
ばけ,1
ささ,1
カマー,1
ぐっすり,1
くやしかっ,1
飛び交い,1
害,1
与える,1
住民,1
表れ,1
がっこう,1
些細,1
配り,1
風評,1
述べ,1
拍手,1
評,1
くしゅ,1
あたま,1
だるま,1
あそぼう,1
タツ,1
さみしく,1
出そっ,1
押入れ,1
見分け,1
迷信,1
凝らす,1
ザラザラ,1
直近,1
風説,1
鎮める,1
っこく,1
もしくは,1
コタ,1
宛て,1
切手,1
消印,1
丸っきり,1
帰さ,1
通せる,1
八,1
調べ直し,1
しゃべる,1
ドヤ,1
稼が,1
養っ,1
ＩＴ,1
安,1
マーク,1
手本,1
戻せ,1
晩飯,1
晩ご飯,1
イェスッ,1
おこっ,1
とある,1
視覚,1
えッ,1
訪問,1
称え,1
匿名,1
夕刊,1
実名,1
道中,1
ＫＪ,1
センター,1
届か,1
太田,1
国道,1
張れ,1
各所,1
繋がりゃ,1
誤認,1
被る,1
コイ,1
ボサッ,1
取れん,1
あッ,1
こじ開け,1
痕跡,1
すんなり,1
絞れ,1
切り口,1
スムーズ,1
白昼,1
タクシー,1
真っ黒,1
洗い直す,1
解雇,1
継ぎ,1
絞る,1
怒鳴ら,1
だあれ,1
煙,1
負傷,1
通せ,1
荷台,1
優先,1
ザマ,1
助け出し,1
気迫,1
辿り着け,1
助け出せる,1
救い出そう,1
当っ,1
助け出す,1
とっちめる,1
死別,1
ナナチャンクマ,1
やさしく,1
ときどき,1
ちっちぇえ,1
しんみり,1
込み,1
真逆,1
畜生,1
浴び,1
すくう,1
大概,1
心地よい,1
げほっ,1
しい,1
らあ,1
おれ,1
すく,1
くそう,1
運ぶ,1
置き去る,1
小せえ,1
謝絶,1
治せん,1
オロオロ,1
気づく,1
言い分,1
ピー,1
チク,1
舐め合っ,1
シャキッ,1
貸,1
遊,1
全貌,1
冷え込む,1
錯乱,1
記述,1
言い寄っ,1
動ける,1
ワリ,1
傷口,1
塞がっ,1
骨,1
検診,1
安定,1
対処,1
療法,1
施せ,1
現状,1
駆け込ん,1
言い切れ,1
外れる,1
霞,1
もらわ,1
ウイルス,1
吸う,1
そーだ,1
無くなん,1
初雪,1
見通す,1
見通せる,1
ちゃっちゃ,1
ヒサ,1
カタ,1
危ぶむ,1
実情,1
究明,1
政府,1
予備,1
略歴,1
追及,1
浮上,1
取り調べ,1
おかしかっ,1
命題,1
イカレ,1
なけりゃ,1
みかん,1
ホット,1
カーペット,1
ブレーカー,1
逝く,1
チン,1
感激,1
価格,1
設定,1
ベイ,1
ベー,1
フロスト,1
冬場,1
遊べ,1
フォルム,1
勧め,1
カワイく,1
送り返す,1
急変,1
ウィルス,1
見殺し,1
苦しん,1
看護,1
付き添わ,1
難しく,1
有罪,1
持ち込む,1
まて,1
動かせる,1
うぐっ,1
外科,1
最上,1
無けれ,1
ひとり娘,1
当人,1
のうのう,1
見合う,1
クク,1
帰れん,1
無実,1
やり返し,1
怒れる,1
アテん,1
集まれ,1
待てる,1
再犯,1
ためらっ,1
博打,1
命請い,1
まじまじ,1
許せん,1
グズグズ,1
のらくら,1
延ばし,1
落ち着き,1
聞き取っ,1
押しつけ,1
盲目,1
解消,1
呆れる,1
トコトン,1
乗り切っ,1
沽券,1
開け放た,1
隊,1
カタキ,1
討っ,1
書置き,1
住み,1
にくく,1
過ぎ去る,1
吹き返し,1
心肺,1
停止,1
ごく,1
稀,1
症例,1
グスン,1
遺し,1
２１,1
断定,1
打ち切る,1
歯切れ,1
和らぐ,1
平常,1
淡い,1
裁く,1
否認,1
間に合わ,1
外泊,1
追え,1
ハマッ,1
尚更,1
希薄,1
発展,1
見付け,1
こんがらがっ,1
冷え込ん,1
呼び出せ,1
充電,1
ひきとめ,1
乗れ,1
道程,1
励まし合える,1
アルファ,1
オメガ,1
メニー,1
ゴッド,1
哲学,1
差し上げる,1
国生み,1
産し,1
たいそう,1
死者,1
連れ戻し,1
掛け合う,1
禁,1
破り,1
灯し,1
全身,1
ウジ虫,1
ビッシリ,1
怒り狂っ,1
追っ手,1
ヨモツヒラサカ,1
たどり着き,1
あの世,1
大岩,1
塞ぎ,1
言い渡し,1
呪言,1
生む,1
言い放ち,1
とがめる,1
言い返し,1
１５００,1
産屋,1
建てよう,1
知的,1
灯す,1
投げる,1
忌み嫌っ,1
洞窟,1
墓所,1
岩屋,1
旅先,1
飛び,1
幾分,1
遠ざける,1
脳裏,1
聞き覚え,1
響く,1
刻ま,1
停車,1
作り出し,1
逆らう,1
左様,1
迎え入れ,1
動かさ,1
片割れ,1
近寄る,1
整い,1
発車,1
いちゃ,1
好か,1
居れ,1
去り,1
やがら,1
間近,1
考えりゃ,1
ガッチリ,1
コロサレル,1
イレテ,1
コロス,1
惜しい,1
一見,1
立ち入り,1
氏名,1
同伴,1
代理,1
コール,1
つじつま,1
正気,1
信じよう,1
ひたすら,1
ヤケ酒,1
あおっ,1
気力,1
なくし,1
触れよう,1
水面,1
出勤,1
言い渡さ,1
打ちのめし,1
ＳＯＳ,1
さわる,1
行き当たっ,1
応じる,1
一心,1
身持ち,1
崩し,1
まとわりつか,1
もがき苦しん,1
大当たり,1
ぎくしゃく,1
同郷,1
かくまう,1
微笑み返し,1
惨たらしく,1
ほとぼり,1
苦い,1
連れ去る,1
思いこみ,1
目立た,1
政界,1
聖域,1
信じ込ん,1
逃れる,1
重罪,1
晒し,1
小僧,1
捜さ,1
絞っ,1
飯店,1
落ち合っ,1
クッタクタ,1
収穫,1
右,1
巧妙,1
チャーシューメン,1
盛,1
膨れ,1
まとめる,1
割い,1
拾う,1
そっちのけ,1
満たす,1
継続,1
近付け,1
吸い,1
平らげ,1
カニ玉,1
びー,1
立ち止まる,1
投函,1
綿密,1
思い当たら,1
地道,1
言い切る,1
出くわし,1
描い,1
さぶ,1
クシュン,1
内情,1
躍ら,1
隠滅,1
昨年,1
いっくら,1
騒がしかっ,1
固かっ,1
埋まっ,1
問いただそう,1
いやあ,1
事故っ,1
治ん,1
言動,1
ケース,1
消息,1
無数,1
異論,1
問い合わせ,1
限りなく,1
山場,1
追い,1
かしこ,1
効く,1
引き起こし,1
捕まえれ,1
きこえ,1
持ち直し,1
症状,1
カムイ,1
効,1
底抜け,1
楽観,1
見通せ,1
往生,1
御所,1
うそ泣き,1
焼か,1
ほっつき歩い,1
芽生える,1
順序,1
おぉ,1
ズッコケデカ,1
節穴,1
うぬ,1
盛り上がん,1
ドーン,1
任し,1
仕切り直す,1
枯れ,1
トーテイ,1
アダッチー,1
とんと,1
嗅ぎ当て,1
踏ん張り,1
スケール,1
歯ごたえ,1
匂っ,1
ニオっ,1
デカく,1
カテゴリー,1
言いふらす,1
ミー,1
観念,1
ゴマかそう,1
キーキー,1
ちゃえる,1
胡散,1
声出し,1
懲らしめよう,1
エリート,1
請え,1
細身,1
たぶらかし,1
入れりゃ,1
忙しく,1
法則,1
かくまっ,1
イタチごっこ,1
ハプニング,1
ハラハラ,1
万一,1
自首,1
同然,1
通さ,1
飢え,1
頃合,1
とっさ,1
ウザく,1
同化,1
本体,1
だァ,1
妄言,1
手の平,1
付けよう,1
通れる,1
煮え湯,1
飲まさ,1
臨ん,1
整え,1
跡付け,1
目前,1
ルシファー,1
臨もう,1
罪状,1
引き継が,1
死人,1
仕向け,1
掛け違っ,1
下し,1
銃,1
褒美,1
終われる,1
絶望,1
無知,1
ウザイ,1
夢み,1
一様,1
善,1
ほっとんど,1
られりゃ,1
でしょっ,1
生き生き,1
楯突く,1
ダダ,1
折り合う,1
立ち向かわ,1
ごまかそう,1
導い,1
ことごとく,1
こちら側,1
419001,1
0016,1
くじこう,1
侵食,1
大衆,1
煽り,1
蠢く,1
前途,1
否,1
望め,1
叶わ,1
こしらえ,1
肥大,1
束の間,1
苦しめ,1
強まり,1
とて,1
辿れ,1
招く,1
先駆け,1
成し,1
各々,1
対象,1
欲すれ,1
拡がっ,1
能書き,1
ケ,1
ダッ,1
素養,1
不確か,1
足る,1
晴らそう,1
示そう,1
操ら,1
生きりゃ,1
喰わ,1
構う,1
瀕死,1
裁き,1
手厚く,1
要望,1
マコト,1
合わす,1
ハードル,1
掛け声,1
ダブル,1
仕切り直さ,1
決戦,1
見直さ,1
いりゃ,1
通院,1
敷居,1
ゴー,1
うわさ,1
たのしみ,1
なおっ,1
エディション,1
保険,1
味覚,1
とろける,1
ウマ,1
美味しゅう,1
鷹,1
シェフ,1
失神,1
ジャ,1
吊るし,1
あいまい,1
償う,1
遊び倒そう,1
どやさ,1
幾多,1
冷え込み,1
幾ら,1
和らい,1
前日,1
荷作り,1
列車,1
うつ,1
泊まろ,1
めきめき,1
社員,1
故意,1
独り立ち,1
解き明かし,1
降りかから,1
はね除け,1
恐縮,1
いらっしゃれ,1
釈然,1
はて,1
空ろ,1
見抜く,1
断片,1
果たす,1
育ん,1
結晶,1
あらゆる,1
打ち消し,1
照らし出す,1
宝珠,1
じか,1
現れる,1
ゆく先,1
よみがえっ,1
アメノ,1
云々,1
生き延び,1
従おう,1
拘留,1
調書,1
組み合わさら,1
ビンゴ,1
思い付き,1
当事,1
噛み合う,1
そそのかし,1
降り立っ,1
要する,1
拘置,1
導か,1
欲深,1
430001,1
0029,1
産み落とせ,1
手向かい,1
原点,1
やっつける,1
滅ぼさ,1
果てる,1
包み,1
前倒し,1
会おう,1
ぬかし,1
くされ,1
捻り,1
間に合う,1
立ち止まり,1
居りゃ,1
シンドく,1
けた,1
ノミ,1
オレンジ,1
フレッシュ,1
問う,1
グランド,1
フィナーレ,1
広まる,1
思い違い,1
引き込む,1
装置,1
呼応,1
分かり合える,1
余る,1
定義,1
大半,1
命運,1
シク,1
滑り,1
ぜんぶ,1
滅び,1
消えゆく,1
平穏,1
決めん,1
消し去る,1
枠,1
晴らさ,1
創ら,1
思い残す,1
信じあえる,1
通わ,1
見極めよう,1
掴み取ろう,1
信念,1
惑わす,1
開く,1
曇ら,1
阻ま,1
まやかし,1
誘惑,1
打ち勝っ,1
築き,1
躍る,1
立ち会え,1
果さ,1
勝ち取っ,1
成し遂げ,1
ハニー,1
強がっ,1
別腹,1
強大,1
尽きる,1
泣きべそ,1
苦しく,1
ずるく,1
っ張り,1
投げ出し,1
クゥン,1
泣き声,1
せろ,1
しまいこま,1
失う,1
抱え込ん,1
立ち上がれ,1
立ち上がる,1
眠る,1
泥臭く,1
伊邪那岐,1
大神,1
変わりゆく,1
命じ,1
起こり,1
語らう,1
申し入れる,1
ぶつかれ,1
招待,1
最果て,1
争え,1
級,1
語らい,1
くびき,1
投じ,1
自滅,1
挺し,1
防い,1
統べる,1
打ち勝つ,1
空虚,1
いかよう,1
づく,1
緩やか,1
想わ,1
障害,1
孤独,1
職務,1
もとより,1
選び取る,1
見出さ,1
深き,1
今作,1
楽しむ,1
不慣れ,1
割け,1
コンティニュー,1
シナリオ,1
本編,1
話し声,1
一昨,1
控えよっ,1
どか,1
寂れ,1
住みつい,1
サークル,1
磨い,1
外せ,1
ミッチ,1
ゴテゴテ,1
ウフフフ,1
衣替え,1
一新,1
空梅雨,1
毎朝,1
さんざっぱら,1
２、３,1
降り注げ,1
盛り上がる,1
雲,1
ぶ厚い,1
参る,1
地震,1
洪水,1
怪獣,1
毒霧,1
耳寄り,1
一挙,1
一動,1
一喜,1
一憂,1
一向,1
猛毒,1
控える,1
ぺら,1
メリット,1
しいて,1
うずくまっ,1
飛躍,1
終末,1
崩す,1
学級,1
閉鎖,1
吸わ,1
ヒステリー,1
エ,1
隔離,1
縁起,1
助から,1
目指す,1
カズ,1
突っぱね,1
中気,1
ノイローゼ,1
滅入る,1
凹ん,1
じまっ,1
ファイト,1
前のめり,1
坂本,1
リョーマ,1
シンセン,1
盛り,1
だくさん,1
やり遂げ,1
お早う,1
１９,1
洒落,1
まかせろ,1
頼もしい,1
人力,1
手ごわく,1
芸当,1
ダイレクト,1
道理,1
ショート,1
カット,1
スマン,1
力み,1
着実,1
コース,1
ガタイ,1
バテ,1
っこい,1
手遅れ,1
伝えよう,1
手ごわい,1
夜通し,1
共同,1
終わりゃ,1
味わう,1
地デジ,1
町なか,1
たたむ,1
長年,1
からっきし,1
すったもんだ,1
期間,1
ごっつい,1
原罪,1
孤島,1
日給,1
おさげ,1
快眠,1
いす,1
遅かっ,1
衰弱,1
気がかり,1
恐れ入っ,1
迷う,1
仕置き,1
直そう,1
冬至,1
アニメ,1
テロップ,1
背負っ,1
洋画,1
ロード,1
香港,1
悠長,1
すぎん,1
救助,1
長引け,1
言やぁ,1
スパート,1
長雨,1
キメ,1
正念,1
目立っ,1
しでかす,1
憲法,1
昭和,1
みどり,1
こども,1
秋分,1
催さ,1
勤労,1
天皇,1
なおし,1
貰おう,1
出かけよう,1
眠ろう,1
偽り,1
ふい,1
過日,1
なおさ,1
次ぐ,1
まい進,1
満たさ,1
高める,1
源,1
無為,1
歩調,1
練り歩く,1
オーパーツ,1
オホホッ,1
加工,1
残り香,1
おどる,1
ピラミッド,1
クライマックス,1
楽しゅう,1
なかろ,1
いこ,1
変換,1
癖,1
スゲェ,1
ギリシャ,1
チグリス,1
ユーフラテス,1
はさま,1
育ま,1
恵み,1
惹き寄せ,1
活用,1
密談,1
１５０,1
地図,1
あそばせ,1
前回,1
分配,1
測量,1
幾何,1
発達,1
学問,1
産まれ,1
愚者,1
産まれよう,1
サムライ,1
無骨,1
カブト,1
ネメス,1
グチ,1
くさび,1
甲骨,1
渇,1
無駄話,1
書き留め,1
横行,1
礼儀,1
弁え,1
しお,1
のさばる,1
乱れ,1
見くびっ,1
便宜,1
書き言葉,1
ムッカ,1
用い,1
ロボ,1
ガハハハハ,1
朝食,1
迅速,1
クワイエット,1
センチメンタル,1
ヤボ,1
銀杏,1
黄色く,1
進化,1
活性,1
黄葉,1
カエデ,1
紅葉,1
分野,1
山田,1
うたわ,1
変わり目,1
ほんま,1
難儀,1
クシャミ,1
ホンマ,1
剃れ,1
短絡,1
毒素,1
凍傷,1
ふせぐ,1
体外,1
ノンキ,1
失望,1
誤る,1
誓約,1
墓場,1
ｗｅｄ,1
立ち会える,1
礼者,1
コソコソ,1
キャンプ,1
緩み,1
ぎっちり,1
引き締める,1
寄りかかっ,1
自立,1
寄りかかる,1
心得る,1
ンな,1
噴出,1
釣り,1
漁っ,1
侮れ,1
特性,1
除く,1
友愛,1
ちゃちゃ,1
あちゃー,1
オツ,1
始めよ,1
２５６,1
行,1
ダス,1
馳走,1
ありつく,1
前兆,1
由縁,1
転じ,1
チカラ,1
ちやっ,1
美形,1
へったくそ,1
ハロー,1
名詞,1
グーッド,1
思春,1
ボーイズ,1
復唱,1
ナイショ,1
視点,1
弱虫,1
じゃろ,1
ビニール,1
アカ,1
漢文,1
パッ,1
シティー,1
聞こ,1
さんずい,1
くにがまえ,1
愛着,1
せんもん,1
タンマリ,1
妥協,1
ホンット,1
従わ,1
ヨネ,1
ダル,1
ヒポポタマス,1
雑談,1
聞き流し,1
なぞ,1
バカげ,1
ふさわしい,1
堕落,1
強欲,1
ほうほう,1
理論,1
身近,1
溢れかえっ,1
愚昧,1
イヤー,1
実在,1
アリエナイ,1
メンモクナイ,1
夕張,1
地名,1
ちなん,1
みよ,1
小野,1
小町,1
小林,1
一茶,1
詠み,1
重ね合わせ,1
開こ,1
枕,1
草子,1
かえら,1
見とる,1
終わりごろ,1
嫁,1
手製,1
貴族,1
美しく,1
飾り立てる,1
鉛,1
ヒ素,1
含む,1
手近,1
毒殺,1
洋,1
東西,1
有用,1
起立,1
神秘,1
青,1
威嚇,1
喪中,1
まさしく,1
ウムム,1
導き,1
海流,1
特産,1
閉じよう,1
夏目,1
馴染ん,1
日照,1
少雨,1
果物,1
寒冷,1
続けよっ,1
適さ,1
思,1
俳句,1
川柳,1
だそ,1
花見,1
馴染み,1
参ろう,1
うむ,1
女史,1
教,1
布教,1
走ら,1
金銭,1
あなどる,1
なかれ,1
必然,1
言えよう,1
違え,1
見受け,1
紐解く,1
イン,1
オータム,1
つぶし,1
訳し,1
喫煙,1
デューティ,1
フリー,1
覚えよう,1
圧迫,1
腺,1
調節,1
ホルモン,1
ナデナデ,1
黒板,1
写し,1
ケド,1
かったるい,1
増やさ,1
効率,1
金額,1
ブブ,1
王朝,1
ブルボン,1
最盛,1
朕,1
威信,1
高め,1
称さ,1
ベルサイユ,1
宮殿,1
偉大,1
ユニーク,1
歯並び,1
体重,1
通じ合える,1
ヒール,1
履き,1
羽,1
かぶり,1
執政,1
偉丈夫,1
られよう,1
厚着,1
着よう,1
地理,1
閉め,1
陸地,1
積もる,1
およそ,1
降り積もっ,1
吹く,1
体感,1
決め手,1
研究,1
咳,1
はいる,1
詮索,1
ほーら,1
ケッホ,1
ゴッホ,1
キュンキュン,1
近代,1
細菌,1
開祖,1
不真面目,1
腰痛,1
スキー,1
氷河,1
コロンビア,1
家内,1
パンフレット,1
勤め人,1
２０００,1
ノーベル,1
フィールズ,1
ユウウツ,1
長月,1
神無月,1
霜月,1
師走,1
異名,1
げん,1
真っ赤っか,1
相撲,1
土俵,1
宴,1
残せる,1
どす,1
モーニン,1
スタディ,1
マンス,1
ステディ,1
ハッピー,1
兼ね,1
圏,1
つづり,1
Ｘｍａｓ,1
Ｃｈｒｉｓｔｍａｓ,1
モテモテ,1
辞書,1
アポストロフィ,1
誤用,1
シングル,1
ゲンキ,1
個体,1
ハ虫,1
適応,1
増やす,1
繁栄,1
種族,1
交信,1
貴美子,1
壮大,1
奥深,1
西暦,1
紀年,1
西欧,1
背景,1
後々,1
闘争,1
生誕,1
島国,1
生き残り,1
行く末,1
世代,1
そなた,1
出来事,1
略称,1
覚えれ,1
私語,1
厳禁,1
常識,1
倫,1
性根,1
正し,1
ＧＷ,1
しょせん,1
本分,1
品性,1
慎み,1
振るい落とし,1
残せ,1
即ち,1
尽くめ,1
ダラけ,1
尊厳,1
規律,1
ゆるん,1
ダラける,1
ハレンチ,1
疑わしい,1
遊び呆け,1
決め付ける,1
事柄,1
全幅,1
寄せ,1
クズ,1
赤点,1
ウ・ナ・ギ,1
粒子,1
沈殿,1
すぅっ,1
ちょっとオ,1
ト・ナ,1
ア・ヤ・シ・イ,1
白身,1
甲殻,1
イクラ,1
オ・ト・ナ,1
弧,1
奥深い,1
上空,1
性質,1
稼ぐ,1
２１４,1
粘膜,1
悔し涙,1
タコ,1
オクトパス,1
ＯＣＴ,1
Ｏｃｔｏｂｅｒ,1
ローマ,1
恐ろし,1
きもの,1
あろ,1
戻す,1
レコンキスタ,1
コールド,1
ハラ,1
イギリス,1
名残,1
黒人,1
将軍,1
白人,1
なぞらえ,1
遊戯,1
したため,1
盛り上がら,1
パパッ,1
脊椎,1
丁目,1
ざわつき,1
収まら,1
ひき,1
体質,1
シャー,1
サイクル,1
スゴー,1
チョット,1
ざわ,1
おっしゃい,1
ウキウキ,1
ウル,1
ポカポカ,1
づくり,1
外周,1
グルリ,1
ウェイク,1
ジューン,1
すっげえ,1
カビ,1
サマー,1
さらせる,1
腐ら,1
Ｍ,1
まけ,1
探究,1
免じ,1
まっしぐら,1
鍛えろ,1
バケーション,1
逆恨み,1
襲い掛から,1
偶数,1
Ｂ,1
分かれろ,1
アウチ,1
グッドアフターヌーン,1
卒寿,1
傘寿,1
出来れ,1
涼しい,1
ウインター,1
カイロ,1
軟弱,1
体作り,1
信号,1
丸める,1
徒,1
競走,1
計る,1
走る,1
退化,1
馬,1
顕著,1
従っ,1
なにせ,1
ダレる,1
未熟,1
乗り切る,1
世阿弥,1
覚えろ,1
何時ごろ,1
Ｃｒｉｍｅ,1
Ｃｈａｓｅ,1
２５１,1
碧,1
理性,1
唱え,1
サルトル,1
グラ・モンス,1
選べ,1
シ,1
うかんむり,1
レタス,1
白菜,1
掲載,1
書籍,1
古今,1
宇治,1
拾遺,1
古事,1
葦,1
眠気,1
採取,1
マカ,1
芋,1
昇っ,1
ウナギ,1
粘液,1
ルチン,1
フチン,1
メタン,1
ピエロ,1
グラフ,1
ホログラフ,1
素早い,1
バスコ,1
ガマ,1
コロンブス,1
マルコ,1
ポーロ,1
逃げ回る,1
あらわさ,1
ｎｏ,1
ａｌｌｏｗｅｄ,1
コスト,1
カツ,1
ラ王,1
赤身,1
１０１,1
黄色い,1
アントシアニン,1
キサントフィル,1
カロテノイド,1
ａｕｇｕｓｔ,1
ｓｅｐｔ,1
ｏｃｔ,1
ｎｏｖｅ,1
減らす,1
ブラジル,1
幸福,1
オセロー,1
作者,1
ニール,1
サイモン,1
賞金,1
額,1
酵母,1
微,1
ビーフ,1
何語,1
フィンランド,1
ロシア,1
誤っ,1
起源,1
絶体,1
絶命,1
名折れ,1
特攻,1
最終,1
なじみ,1
手こずっ,1
習っ,1
成す,1
これる,1
喰っ,1
先走っ,1
よぼう,1
喰い,1
もらいもの,1
がっつく,1
振りかぶる,1
飛び散る,1
はじける,1
一夜,1
甘酸っぱ,1
ワカラ,1
店内,1
しゅん,1
切り分け,1
隣家,1
裾分け,1
直せ,1
日取り,1
あったりまえ,1
ハシャい,1
野暮,1
よす,1
快方,1
イテテ,1
ふえ,1
ねだら,1
つん,1
寝かせる,1
たあ,1
むずかしい,1
そうしき,1
きえ,1
ゆうびん,1
きょく,1
ごうとう,1
ほいく,1
えん,1
つかまえる,1
ようい,1
かいもの,1
むだ,1
わるく,1
きい,1
出歩く,1
ドキュメンタリー,1
つながっ,1
わぁい,1
しいたけ,1
ないしょ,1
聞き出す,1
おどおど,1
くばら,1
差し出し,1
わたす,1
呆け,1
血相,1
直行,1
れっき,1
うそつき,1
健気,1
すて,1
すてる,1
かない,1
まんなか,1
ちっちゃい,1
でんわ,1
つくろ,1
そうざい,1
つくれる,1
朝飯,1
めだま,1
バランス,1
せいかつ,1
助けあう,1
がんばろー,1
まわし,1
とろう,1
親愛,1
つくっ,1
あらっ,1
すわっ,1
シャク,1
小っちゃい,1
夜店,1
厳しかっ,1
暗,1
攻め,1
遠かっ,1
回ろ,1
エブリ,1
デイ,1
ライフ,1
重宝,1
悪戯,1
トガっ,1
ぼぼ,1
濃かっ,1
ヘルシー,1
近づか,1
見よ,1
演じろ,1
おおごと,1
同い年,1
方便,1
引きずり,1
戸惑い,1
ぼーっと,1
うそうそ,1
聞き返し,1
もろく,1
馴染む,1
応募,1
選考,1
まぐれ,1
断ろう,1
ちやほや,1
聞き方,1
なくなる,1
取り寄せ,1
仕込み,1
パズル,1
分刻み,1
搾り取ら,1
バネ,1
付きまとう,1
撲滅,1
単純,1
読み返し,1
表向き,1
休養,1
潤ん,1
ダマさ,1
付き,1
コーディネート,1
うるさく,1
素朴,1
イモウト,1
こーんな,1
ぜーんぜん,1
寄る,1
笑い飛ばす,1
つけこま,1
あげよっ,1
知り合う,1
張りきる,1
はんぺん,1
小ぶり,1
民宿,1
会えれ,1
専念,1
後任,1
同等,1
売れる,1
飲み込み,1
いまさら,1
抱きしめる,1
温もり,1
いり,1
スポットライト,1
照らさ,1
もてはやさ,1
ほしかっ,1
一途,1
カンゼオン,1
相性,1
サーチ,1
弱点,1
制覇,1
進路,1
継,1
インテリア,1
コーディネーター,1
内装,1
外食,1
栄養,1
偏る,1
上達,1
ほっと,1
効き目,1
有る,1
差し出さ,1
突き刺す,1
無邪気,1
らしき,1
噛め,1
焦げ臭く,1
生臭く,1
適量,1
ひたひた,1
ささがき,1
立ち直れ,1
習う,1
接し,1
限定,1
ルーズ,1
リーフ,1
ふせん,1
蛍光,1
灯,1
配送,1
540050,1
0072,1
廃業,1
汁,1
教われ,1
反復,1
火事,1
中毒,1
初詣,1
言いつけ,1
甲斐,1
ヤケド,1
バタバタ,1
盛り立てる,1
作りだし,1
映さ,1
はずかし,1
シーン,1
撮ら,1
引取り,1
盛り立て,1
ウヒヒ,1
つったっ,1
ハヤら,1
チマチマ,1
みっちり,1
フトン,1
侮辱,1
断固,1
暴言,1
まじき,1
幻滅,1
向き合い,1
ラッキー,1
明朝,1
ヤマシタ,1
傾きかけ,1
掴みかかる,1
かばおう,1
掴みかかろう,1
醜聞,1
奉仕,1
及び,1
誠心,1
誠意,1
もてなし,1
盛り上げ,1
健在,1
落ち着ける,1
ハッタリ,1
本位,1
見送っ,1
祈り,1
じろじろ,1
アマテラス,1
押し込む,1
柔らか,1
ネック,1
ハマる,1
個食,1
もた,1
スジ,1
洗顔,1
フォーム,1
泡立ち,1
言わす,1
ドメイン,1
メルアド,1
ヤベー,1
ミヤゲ,1
面接,1
採用,1
交渉,1
クレーム,1
精肉,1
苦情,1
気負う,1
カッ,1
初っ端,1
ウルトラ,1
白日,1
さらし,1
まった,1
アウトロー,1
男くさい,1
たげよう,1
タケヨシ,1
れんらく,1
ちょう,1
とどけ,1
オシャマ,1
暴く,1
発掘,1
らっし,1
ゃ,1
サーモン,1
５９,1
イタリア,1
輸入,1
２９８,1
５５００,1
ボーナス,1
５００,1
ボリューム,1
国内,1
全額,1
駆け落ち,1
帰省,1
くっつい,1
稼げる,1
仇,1
外野,1
無断,1
欠勤,1
くれん,1
ウザ,1
中途,1
かれ,1
握り締め,1
プリクラ,1
撮ろっ,1
敵意,1
向ける,1
無様,1
飛びつい,1
歩き出,1
受け入れれ,1
涙腺,1
ぶっ壊れ,1
撫でる,1
貸す,1
濡らし,1
付き添い,1
泣き止む,1
ウジウジ,1
力無く,1
ふて腐れ,1
吹っ飛ばし,1
殴り合え,1
殴り合っ,1
パンチ,1
花畑,1
だまさ,1
くすぶっ,1
スサノオ,1
おける,1
煮え,1
切ら,1
交友,1
口出し,1
自覚,1
ぼけ,1
肢,1
消す,1
領分,1
上げろ,1
サボ,1
同僚,1
二人暮らし,1
呼ぼう,1
ブル,1
打ち解ける,1
ほどほど,1
可哀相,1
接すれ,1
務まら,1
淹れよう,1
インスタント,1
ブラック,1
とびっきり,1
淹れ,1
のむ,1
はね,1
ボロく,1
取り直し,1
挙がら,1
風化,1
聞きだせる,1
ちくちく,1
筋合い,1
かなわ,1
よけれ,1
丸々,1
出向い,1
落胆,1
アメ車,1
修理,1
廃車,1
ぶつける,1
突きつけ,1
葛藤,1
決まり悪,1
ハンドル,1
取り残さ,1
入れ物,1
捕まら,1
酔いつぶれる,1
追いやっ,1
むこう,1
まるい,1
はしゃぎ疲れ,1
哀し,1
仇討ち,1
悔やむ,1
仕舞い,1
失くさ,1
専用,1
間違う,1
さかな,1
轢い,1
しつけ,1
黙る,1
ぁああ,1
さき,1
かえろ,1
わかし,1
しょく,1
夜食,1
静まり返っ,1
先客,1
温かい,1
シフト,1
僧帽,1
腹斜,1
縫工,1
シンプル,1
連れ込ま,1
サボれ,1
苦学,1
つまみ食い,1
きらきら,1
妬ける,1
かい出し,1
本業,1
日向ぼっこ,1
淵,1
吐か,1
転職,1
スタッフ,1
叫び声,1
引っかか,1
飛び火,1
慰める,1
聞き流す,1
カウンセラー,1
プロポーズ,1
闘っ,1
中田,1
５１２,1
号,1
摘便,1
一人前,1
備品,1
すす,1
青ざめ,1
急患,1
仮眠,1
ドクター,1
監査,1
注射,1
打た,1
寝かさ,1
払い込み,1
点滴,1
よいしょ,1
養生,1
抱え込む,1
なりふり,1
小夜,1
澄ん,1
鋭い,1
片手,1
道しるべ,1
振り返ら,1
遠から,1
問い質し,1
損なう,1
誓っ,1
ダセェ,1
けっか,1
並べる,1
胃袋,1
近頃,1
静まん,1
食わし,1
白髪,1
口ごもっ,1
熱意,1
レバニラ,1
ツブす,1
建て直す,1
リフォーム,1
びょういん,1
真っ青,1
ぶつから,1
灸,1
ババア,1
馴染め,1
口下手,1
ニワトリ,1
くるわ,1
見下ろせ,1
ためいき,1
ヒドく,1
ドロ,1
タッパ,1
見開い,1
かかわら,1
謝れよ,1
こちとら,1
恥じらう,1
老け,1
マユゲ,1
つき合わし,1
ひでぇ,1
ハブ,1
甘やかし,1
ものすごく,1
凝っ,1
キャップ,1
気色,1
技術,1
流れ着い,1
バツ,1
すごーく,1
はらう,1
プ,1
絵本,1
手さげ,1
破れ,1
喜ばそう,1
からかわ,1
にんぎょう,1
デケェ,1
触れ回ん,1
えみ,1
おしえ,1
抜け出せ,1
売ろう,1
ゴーツク,1
ばり,1
任意,1
同行,1
つるん,1
並び,1
坊や,1
クッキー,1
つば,1
欠片,1
ああぁ,1
指ささ,1
縫い直す,1
お巡り,1
足し,1
カゼ,1
止まん,1
女々しい,1
人寄せ,1
のし,1
まくっ,1
シュ,1
ミ,1
キョリ,1
貫い,1
ビビん,1
できりゃ,1
しょんぼり,1
捻じ曲げる,1
言い草,1
貫こう,1
サラサラ,1
疑う,1
ゴーマン,1
かます,1
ぬい,1
ぐる,1
鍋つかみ,1
思いがけ,1
ロクテンマオウ,1
実戦,1
障子,1
ツキモノ,1
さんきゅ,1
素振り,1
ビュンビュン,1
振れる,1
しぶしぶ,1
情けなく,1
うさぎ跳び,1
しゅぎょう,1
たたかっ,1
せなか,1
細長く,1
ウネウネ,1
如し,1
鳥肌,1
いじ,1
サンドバッグ,1
逃がし,1
ガ,1
ギャング,1
給食,1
改革,1
戦士,1
悪気,1
アタック,1
剛,1
握る,1
とっておき,1
タケシ,1
物まね,1
組み手,1
筋トレ,1
太く,1
引き締まっ,1
硬く,1
頑張ろっ,1
きゃー,1
唯一,1
デンジャラス,1
忘れよっ,1
染み,1
わたる,1
がっつい,1
秘訣,1
すすめ,1
あんかけ,1
がたい,1
ピンチ,1
配る,1
話しこん,1
柔らかく,1
牛,1
偽装,1
キョ,1
キョーカツ,1
ヒキ,1
ョ,1
弱肉,1
強食,1
とっ捕まえ,1
正座,1
不服,1
悪党,1
なぎ倒し,1
弱き,1
おもむく,1
感じろ,1
食べろ,1
究極,1
有り金,1
ヒキョー,1
アアン,1
サツ,1
とたん,1
実践,1
イヤミ,1
オシ,1
マイ,1
飼え,1
酔う,1
フフン,1
たすけ,1
ちえ,1
グー,1
ゼン,1
わりー,1
ギッタンギッタン,1
殴ん,1
殴れ,1
どーぞ,1
しらけ,1
食べよっ,1
出そう,1
半歩,1
頼る,1
せがま,1
引越,1
新品,1
そろい,1
めちゃめちゃ,1
スズカ,1
ゴンゲン,1
モジモジ,1
戦おう,1
こと女,1
さあーて,1
敢行,1
広まれ,1
貯まる,1
切欠,1
料金,1
割引,1
所々,1
金ピカ,1
薄汚れ,1
棲み,1
願い事,1
貼り付い,1
あン,1
だぁれ,1
どら,1
先立つ,1
てんで,1
足ら,1
治ら,1
湿布,1
わし,1
貼りつけ,1
しみこむ,1
しみこん,1
んかっ,1
むふ,1
むふふ,1
しもう,1
巡り会わ,1
たんと,1
ものすごい,1
叶っ,1
覗き込ん,1
頼みごと,1
助っ人,1
助かり,1
但し,1
代金,1
徴収,1
訴えよう,1
叶える,1
足型,1
ベタベタ,1
尽力,1
名残惜し,1
工事,1
金ぴか,1
励ん,1
はたまた,1
嗅ぎ回っ,1
素性,1
預かり,1
厚,1
ゴワゴワ,1
浮かび,1
本家,1
盗ら,1
持ち物,1
果たし状,1
古風,1
シール,1
封,1
依頼,1
紛らわしい,1
しがらみ,1
処分,1
言い切っ,1
手元,1
相合,1
のん気,1
拝啓,1
すでに,1
取り戻せる,1
かまける,1
住居,1
窃盗,1
邸,1
叩き付け,1
継い,1
挙句,1
追おう,1
挑む,1
決まれ,1
容貌,1
手渡す,1
処理,1
施し,1
かすか,1
コロン,1
まっしろ,1
ひみつ,1
なんに,1
こたえ,1
りか,1
燃やし,1
仕掛け,1
浮かび上がる,1
灰,1
コンロ,1
あぶる,1
染み込ん,1
焦げる,1
むしゃむしゃ,1
ムシャムシャ,1
ヤギ,1
取り戻せ,1
盗ま,1
解こう,1
意図,1
思いつく,1
堅,1
持,1
歩き回り,1
探し当て,1
大き目,1
ウォッチ,1
目くらまし,1
易かっ,1
思い知らさ,1
他愛,1
思い悩ん,1
知人,1
危篤,1
渡米,1
家名,1
そぐわ,1
フレーズ,1
平仮名,1
にぶる,1
太め,1
ペンライト,1
望遠,1
測れる,1
うろつい,1
風体,1
物色,1
上目,1
睨ん,1
発電,1
走り去る,1
仕組ん,1
近年,1
痛め,1
許せる,1
知己,1
没頭,1
引き込み,1
一存,1
ただし,1
てちょう,1
忘れかけ,1
侮ら,1
見下さ,1
背伸び,1
拘っ,1
涙ぐみ,1
思い込む,1
成し遂げる,1
追い求める,1
見回し,1
散見,1
仮住まい,1
押しかける,1
通信,1
ヤマトタケル,1
格上げ,1
返り討ち,1
役立ち,1
叩き込ま,1
嬉,1
新入,1
腐れ縁,1
腐り,1
グチっ,1
ガシガシ,1
しごい,1
戯れ,1
申し出る,1
ホイコーロー,1
調理,1
どまり,1
ダッサ,1
もの好き,1
こよう,1
さり気ない,1
おもむろに,1
名門,1
厳格,1
しきたり,1
上がん,1
野蛮,1
混じり,1
たしなん,1
くれりゃ,1
ザーサイ,1
持ち回り,1
汗臭い,1
政略,1
アリアリ,1
階級,1
軽口,1
たたい,1
デキ,1
旧家,1
革靴,1
飛べ,1
かぶん,1
見上げる,1
うっし,1
きったねー,1
弱み,1
揃う,1
策略,1
揃わ,1
人集め,1
対戦,1
互角,1
封じ,1
点差,1
すり抜け,1
得点,1
けちっ,1
乗り移っ,1
トラベリング,1
英才,1
功,1
奏し,1
追い込む,1
ショボくれ,1
拝み,1
切り上げろ,1
ヒマ人,1
反し,1
さぞ,1
偉く,1
弱かっ,1
進み,1
陽,1
思おう,1
被れ,1
持ち歩い,1
にじん,1
擦っ,1
すりかえ,1
便せん,1
描か,1
尋ね,1
でく,1
問答,1
歌詞,1
終い,1
受け取る,1
友情,1
おませ,1
ささやき声,1
ランニング,1
散らばっ,1
ながせ,1
ホープ,1
笑い事,1
実力,1
ノルマ,1
かり,1
処世,1
ちゃちゃっ,1
ークッタクタ,1
キャー,1
蹴っ,1
蹴る,1
テニス,1
ディフェンダー,1
ディフェンス,1
硬派,1
理想,1
包容,1
＆,1
紅白,1
一員,1
任す,1
チンジャオロース,1
ゴール,1
出せよ,1
ピリピリ,1
連,1
フインキ,1
日誌,1
当番,1
大盛り,1
駆け引き,1
死ねる,1
手放さ,1
女嫌い,1
手抜き,1
ぶっきらぼう,1
人当たり,1
重々しく,1
握ん,1
切り出し,1
ビンタ,1
下品,1
向おう,1
イナカ,1
持ち帰ら,1
くせえ,1
白熱,1
煽っ,1
伝わん,1
見限ら,1
思わさ,1
せっかい,1
思い巡ら,1
ぶつけれ,1
働きかけ,1
長引い,1
オゴリ,1
モモ上げ,1
走れ,1
周,1
干す,1
走ろう,1
ハモっ,1
見回ら,1
めった,1
サンダー,1
北野,1
ホクト,1
長野,1
口論,1
ツレ,1
すげなく,1
免除,1
たしなめる,1
袖,1
手渡さ,1
果たせ,1
耐えよう,1
気まずく,1
正式,1
ひねっ,1
ジッと,1
手伝える,1
減り,1
入れ替わり,1
立ち替わり,1
残す,1
ウロコ,1
発明,1
生み出せ,1
ニラ,1
向かい風,1
強かっ,1
つぶれ,1
つぶる,1
解ける,1
すっ転ん,1
シンデレラ,1
ウィット,1
富ん,1
柔らかい,1
霊能,1
先祖,1
姉弟,1
言い返さ,1
監視,1
口答え,1
世辞,1
づきあい,1
辞めよう,1
合わせろ,1
考え直せ,1
噛ん,1
勘繰ら,1
言い返せ,1
課題,1
カウント,1
取り上げる,1
立ち上がら,1
回れ,1
振舞え,1
ぶつけ,1
切れかけ,1
毎回,1
ゲンカ,1
無くなら,1
虚勢,1
抜け出せる,1
交じり,1
安売り,1
偽善,1
崩壊,1
振舞っ,1
敵対,1
うるさかっ,1
あご,1
目のあたり,1
払え,1
温かく,1
通れ,1
吊るさ,1
蘇っ,1
しゃくりあげ,1
身軽,1
ひょいひょい,1
林,1
橋,1
脅かさ,1
アルカナ,1
大地,1
しみじみ,1
ぴったり,1
住め,1
都,1
旅立っ,1
シワくちゃ,1
子役,1
畑仕事,1
血豆,1
地獄,1
思いつめる,1
線香,1
有り余っ,1
おどけ,1
待ち望む,1
しるし,1
焦れる,1
境界,1
越える,1
ふわふわ,1
文通,1
刻む,1
伝わる,1
一行,1
マッチ,1
筒井筒,1
井筒,1
まろ,1
たけ,1
けら,1
駆け,1
家計,1
苦,1
添い遂げる,1
拭い,1
見下ろし,1
看取ら,1
くらべ,1
こし,1
ふりわけ,1
たれ,1
数十,1
みじめ,1
置いてけぼり,1
何十,1
ちっぽけ,1
生まれ変わり,1
引っ越す,1
同居,1
慈愛,1
家路,1
微笑,1
宿っ,1
固まる,1
辿る,1
まれ,1
スク,1
カジャ,1
イッポンダタラ,1
サイコー,1
大人しい,1
アクセ,1
見よっ,1
ゴールド,1
成金,1
囲む,1
トロトロ,1
追い回さ,1
ＣＲＯＣＯ,1
＊,1
ＦＵＲ,1
はおる,1
入荷,1
ゼイタク,1
ラテ,1
キャラメル,1
ソース,1
指定,1
きく,1
グランデ,1
いたずら,1
ゴク,1
カワ,1
飲み会,1
払う,1
ヨケー,1
利害,1
コミュニケーション,1
いらなく,1
イラッ,1
とがら,1
ブラブラ,1
断言,1
幸運,1
転がり込ん,1
サボらさ,1
協調,1
外見,1
重視,1
釣り合う,1
淡々,1
行かさ,1
漁り,1
金回り,1
もらえん,1
生々しい,1
相場,1
遮っ,1
遅れる,1
黙りこくる,1
駆け下り,1
まどろっこしい,1
階下,1
ション,1
一押し,1
つつい,1
ダッサイ,1
デブ,1
ドン,1
やっかみ,1
見返す,1
ファッション,1
誌,1
コツ,1
カジュアル,1
こなせ,1
憂うつ,1
やける,1
テレ,1
洋服,1
送り届け,1
総会,1
顔つき,1
置こう,1
壊れ,1
映し,1
迷わ,1
給水,1
登っ,1
着飾ろう,1
アセる,1
腫れる,1
カーテン,1
明け,1
トキ,1
めか,1
悔し紛れ,1
コロッ,1
シェパード,1
ブルドッグ,1
紅茶,1
スイーツ,1
大福,1
配線,1
馴れ馴れしい,1
さんざ,1
パシリ,1
不穏,1
溢れる,1
気丈,1
歪ん,1
腫れ,1
遠まわし,1
グングン,1
中２,1
国立,1
塾,1
低けれ,1
冷ややか,1
すらすら,1
やすかっ,1
多少,1
解法,1
東大,1
もらえれ,1
不向き,1
投げやり,1
いぶかし,1
レーゾン,1
デートル,1
底辺,1
緩,1
ソイツ,1
井,1
蛙,1
ｔｈａｔ,1
省略,1
根本,1
イバれ,1
叱り飛ばし,1
ｈａｖｅ,1
分詞,1
ｄｏｎｅ,1
当てはめる,1
理科,1
判定,1
Ｈｅ,1
ｉｓ,1
ｇｏｏｄ,1
ａｔ,1
ウンザリ,1
編み出し,1
諦めろ,1
当たり障り,1
あけすけ,1
リラックス,1
迫っ,1
降りれ,1
足音,1
憑か,1
心細い,1
しゅっ,1
しゅう,1
ほうがい,1
めでとう,1
思い浮かぶ,1
一肌,1
脱ぎ,1
ディア,1
くーん,1
ハッピ,1
バースデー,1
ロウソク,1
ロウ,1
吸い込ん,1
蹴ん,1
踏む,1
よいしょっ,1
いてえ,1
めで,1
小声,1
バァ,1
なだめる,1
書け,1
満点,1
取りえ,1
見放さ,1
諭す,1
厳しく,1
叱る,1
泣き止ま,1
諭し,1
奮い立た,1
種,1
出来上がっ,1
やり直せる,1
軽蔑,1
肯定,1
模試,1
笑い飛ばせる,1
内申,1
あめんぼ,1
なあい,1
口言葉,1
永井,1
抜け駆け,1
退部,1
アット,1
押し出す,1
叫ば,1
絞ら,1
逃がす,1
エネルギッシュ,1
打ち込ん,1
劇団,1
形式,1
配役,1
惑わ,1
しどろもどろ,1
馴れ合い,1
ダントツ,1
満場,1
即興,1
怪訝,1
衣装,1
アドリブ,1
好評,1
読み合わせ,1
引き取る,1
逝っ,1
立ち聞き,1
とげとげしい,1
下がり,1
怒り,1
うなだれ,1
上がろっ,1
詰める,1
引っ張ん,1
忘れ物,1
言い聞かせる,1
行き来,1
愚痴っ,1
見せん,1
ズーン,1
あふれる,1
書き込み,1
びっしり,1
乗りかかっ,1
船,1
立ちすくん,1
仲直り,1
咳き込ん,1
むい,1
缶詰,1
切ろう,1
看取っ,1
受け止めよう,1
入り込め,1
ゆみ,1
堰,1
気負わ,1
寝相,1
黙ら,1
覇気,1
魂胆,1
認識,1
居残る,1
あさる,1
オアズケ,1
二股,1
ぶー,1
積極,1
読める,1
出欠,1
固定,1
裏方,1
とめ,1
楽章,1
テンポ,1
優,1
緑園,1
おざわ,1
後日,1
心がけ,1
立てれ,1
閉まっ,1
防音,1
教え諭し,1
吐く,1
入れ直し,1
ニコニコ,1
チャ,1
コケ,1
リハビリ,1
追いつけ,1
パー・パパ・パ,1
休符,1
パパパ・パ,1
パパパ,1
パ,1
フルート,1
大っき,1
コクコク,1
つきつけ,1
へっちゃら,1
張り切る,1
もも,1
奏者,1
治っ,1
よろ,1
場慣れ,1
押し黙っ,1
悔しく,1
押しのけ,1
伸び伸び,1
話し合え,1
築け,1
嘘つき,1
すむ,1
苦しかっ,1
惜しん,1
切り上げる,1
好き嫌い,1
置き傘,1
奏で,1
：,1
表明,1
掴み取り,1
ましょっ,1
聞き惚れ,1
集める,1
外回り,1
温まる,1
かのじょ,1
エッチ,1
ママハハ,1
再婚,1
かくれんぼ,1
遊びまわっ,1
連れ子,1
キャッチ,1
馴染もう,1
ともども,1
うで,1
きんし,1
子育て,1
わりと,1
割り切っ,1
だっせ,1
にげろ,1
アキオ,1
リュー,1
単身,1
赴任,1
寄越す,1
泳が,1
早まっ,1
よごれる,1
愛せ,1
つぐん,1
母乳,1
目覚める,1
目覚めよう,1
プログラム,1
号泣,1
次元,1
打ち明ける,1
プロレス,1
めんどう,1
言い合っ,1
くらえ,1
チョップ,1
ワザ,1
きらわ,1
チャンバラごっこ,1
キャラクター,1
グッズ,1
点数,1
稼ぎ,1
エターナドリル,1
でんせつ,1
ドリル,1
砕け,1
気遣わ,1
追いつく,1
ミサキ,1
ミサ,1
てき,1
かばっ,1
中村,1
よそ者,1
嫌味,1
渾身,1
ゴミ,1
悪役,1
ステキ,1
前妻,1
ともし,1
辛らつ,1
とーり,1
預ける,1
決心,1
揺らぐ,1
スピリチュアル,1
休息,1
踏破,1
財布,1
ダンジョン,1
遠出,1
食いつい,1
サシ,1
オッケ,1
便所,1
６０,1
きつい,1
大量,1
アハ,1
ハッ,1
風景,1
良けれ,1
面持ち,1
わかり,1
明かし,1
マジック,1
炊く,1
食い物,1
ジレンマ,1
マズ,1
ウッカリ,1
到底,1
うめ,1
無い無い,1
せよう,1
落ちつか,1
スメル,1
ヘンピ,1
ェヤツ,1
減らし,1
ジャンボ,1
即答,1
ワンダーランド,1
おっきい,1
書店,1
豪腕,1
英雄,1
ピッチャー,1
魔女,1
リーン,1
エンド,1
ＣＤ,1
香り立つ,1
ウリ,1
組合せ,1
剛毅,1
借りよう,1
借りる,1
物理,1
デレデレ,1
同感,1
法事,1
ツル,1
ソコ,1
美味く,1
年越し,1
たこ焼き,1
ビューリホー,1
ナオン,1
恐れ入る,1
がぁーん,1
バー,1
狭く,1
殺風景,1
ＴＨＥ,1
ハウ,1
ツー,1
返っ,1
きゃく,1
バングル,1
諦めよう,1
注ぎ込む,1
美味,1
すすっ,1
多けれ,1
ハンバーガー,1
春巻き,1
上品,1
煮込み,1
落しぶた,1
くずれ,1
ほくほく,1
手順,1
ザックリ,1
揚がら,1
きつね色,1
サク,1
ふわ,1
トロ,1
つや,1
とろ,1
べたべた,1
ふくらし粉,1
煮詰め,1
表面,1
気泡,1
焦がし,1
仕上がっ,1
ウェルダンハンバーグ,1
透明,1
さつま,1
煮る,1
もっちり,1
下味,1
まぶし,1
白玉,1
もっさり,1
さっくり,1
生地,1
エッセンス,1
でこぼこ,1
相乗,1
悪臭,1
焼きあがっ,1
炒め,1
味付け,1
りつ,1
笹,1
薄焼き,1
茶,1
緑,1
ワイン,1
コク,1
うま,1
茹で,1
ザル,1
茹でる,1
和えれ,1
みず,1
低温,1
中温,1
しっとり,1
さくさく,1
直火,1
遠火,1
弱火,1
ミディアム,1
まるっきり,1
混ぜ込む,1
冷まし,1
気高,1
異臭,1
放つ,1
バラけ,1
パサつき,1
ゆで,1
マヨネーズ,1
炒める,1
ゴロゴロポテトサラダ,1
玉ネギ,1
下ごしらえ,1
湯通し,1
脂,1
ヌメり,1
タレ,1
もみ込ん,1
干からび,1
煮立ち,1
しみ込ま,1
パサパサ,1
吹っ飛び,1
学力,1
麻婆,1
パーコー,1
痺れ,1
食べ進める,1
ハシ,1
詰め込ん,1
境地,1
達し,1
アイヤー,1
８００,1
マス,1
サーン,1
アリガトサーン,1
アゲルネー,1
ドー,1
スペシャル,1
完食,1
配分,1
あれれれ,1
骨付き,1
地鶏,1
カラ,1
つくん,1
リサーチ,1
コーナー,1
くさく,1
出来合い,1
せんぱい,1
たべよっ,1
飲料,1
限る,1
豆,1
豊富,1
諸々,1
ガラガラ,1
家政,1
婦,1
人使い,1
荒い,1
生肉,1
水炊き,1
売店,1
かご,1
決まら,1
から揚げ,1
偏差,1
値,1
なーるほど,1
キンチョー,1
単調,1
折り鶴,1
ボランティア,1
見知ら,1
鶴,1
プラモデル,1
部品,1
組み立て,1
以内,1
ホドホド,1
連帯,1
哀れみ,1
とどい,1
ハアーイ,1
3,1
4,1
13,1
9,1
売り切れ,1
御免,1
無念,1
ゲッチュ,1
歌声,1
オレオレ,1
はずむ,1
浮かぶ,1
あつ,1
ギンギン,1
キ・ホ・ン,1
得よう,1
混じっ,1
ムレムレ,1
ひと夏,1
アバンチュール,1
エキス,1
ギュンギュン,1
樹状,1
突起,1
受容,1
マクロファージ,1
ひそひそ,1
半そで,1
アッチー,1
毛皮,1
プラス,1
づくし,1
夏バテ,1
連日,1
４００００,1
サビ,1
少なかっ,1
ジョーシキ,1
学業,1
成就,1
祈っ,1
１００００,1
取り揃え,1
金魚,1
すくい,1
ほいほい,1
こめだわら,1
監修,1
割ろう,1
繰り出そっ,1
飼わ,1
引こっ,1
にぎやか,1
親近,1
据わっ,1
両手,1
ちっちゃく,1
飼い,1
カメ,1
水槽,1
景品,1
思い浮かべ,1
祈る,1
にぎわっ,1
差し掛かっ,1
深める,1
かんじ,1
かきとり,1
書き取っ,1
見放す,1
こくご,1
うがつ,1
在り,1
真珠,1
さく,1
なつやすみ,1
おもいで,1
おいしかっ,1
たのしかっ,1
スラスラ,1
ぎゅうにゅう,1
パック,1
けいと,1
おりがみ,1
ズル,1
図工,1
出来上がり,1
にっき,1
かく,1
てつだっ,1
てんき,1
だいし,1
かんそう,1
かくん,1
かなしい,1
おもい,1
しらべる,1
カモノハシ,1
もんだい,1
せいかい,1
ものしり,1
はかせ,1
ちがい,1
展,1
ロミオ,1
ジュリエット,1
狙え,1
きゃっ,1
あいたたた,1
長鼻,1
力量,1
滅ぼす,1
引き下がれる,1
申し込む,1
小屋,1
占う,1
尚,1
有利,1
２３,1
ゴッ,1
キー,1
食べかけ,1
殺虫,1
剤,1
クリスマクマ,1
ヘッドフォン,1
ポッケ,1
ゲット,1
あわせ,1
手編み,1
追い出さ,1
忙しかっ,1
けほっ,1
ヒリヒリ,1
ボイ,1
トレ,1
デザイン,1
恰好,1
練りこん,1
ヒヨワ,1
メートル,1
測定,1
ｍ,1
靴下,1
ペアリング,1
豆まき,1
周到,1
編み物,1
毛糸,1
編ん,1
つかっ,1
寝よう,1
務まる,1
専業,1
主婦,1
つまされる,1
がんばろっ,1
すがっ,1
テイク,1
キリッ,1
ワカモン,1
ブーム,1
ドロー,1
取り壊し,1
キツ,1
棲みつい,1
ウワサー,1
マヨナカラジオ,1
たたずん,1
懐かしく,1
廃棄,1
打ち,1
作り出す,1
遺伝,1
渡せる,1
音合わせ,1
吹こう,1
予行,1
ガンコ,1
曲げ,1
さりげなく,1
行けよ,1
盗人,1
あそぼ,1
ベンチ,1
おとな,1
はなし,1
ユータ,1
楽しけれ,1
慰めあっ,1
長男,1
学べ,1
切り出そう,1
サト,1
メンマ,1
食わす,1
狙える,1
泣き入っ,1
ミリ,1
せんべつ,1
引越し,1
飛び降りよう,1
春休み,1
泊り,1
遠,1
ツラく,1
権利,1
進学,1
あっつい,1
殴りあっ,1
殴りあわ,1
いのち,1
満た,1
かぜ,1
けっこん,1
色男,1
つかまえ,1
未,1
成年,1
